frame,object_id,speed_m_s,speed_kmh
1,0,12.000,43.20
1,1,6.000,21.60
1,2,0.000,0.00
1,3,26.833,96.60
1,4,6.000,21.60
1,5,13.416,48.30
1,6,6.000,21.60
1,7,6.000,21.60
1,9,34.986,125.95
1,10,8.485,30.55
2,0,12.000,43.20
2,1,3.000,10.80
2,2,6.708,24.15
2,3,24.187,87.07
2,4,6.000,21.60
2,5,16.155,58.16
2,6,3.000,10.80
2,7,6.000,21.60
2,9,34.986,125.95
2,10,6.708,24.15
3,0,10.198,36.71
3,1,2.828,10.18
3,2,6.325,22.77
3,3,25.060,90.22
3,4,6.325,22.77
3,5,14.142,50.91
3,6,4.472,16.10
3,7,6.000,21.60
3,9,36.056,129.80
3,10,8.246,29.69
4,0,10.920,39.31
4,1,2.121,7.64
4,2,4.743,17.08
4,3,24.965,89.87
4,4,6.185,22.26
4,5,12.369,44.53
4,6,3.354,12.07
4,7,6.000,21.60
4,9,41.189,148.28
4,10,6.185,22.26
5,0,12.528,45.10
5,1,1.697,6.11
5,2,4.948,17.81
5,3,26.345,94.84
5,4,7.299,26.28
5,5,13.682,49.26
5,6,4.327,15.58
5,7,6.000,21.60
5,9,41.189,148.28
5,10,8.736,31.45
6,0,12.649,45.54
6,1,2.828,10.18
6,2,5.385,19.39
6,3,25.554,91.99
6,4,7.071,25.46
6,5,15.297,55.07
6,6,3.606,12.98
6,7,6.000,21.60
6,9,41.189,148.28
6,10,9.220,33.19
7,0,12.480,44.93
7,1,3.090,11.13
7,2,5.421,19.52
7,3,28.077,101.08
7,4,6.911,24.88
7,5,15.189,54.68
7,6,4.286,15.43
7,7,6.000,21.60
7,9,41.189,148.28
7,10,7.323,26.36
8,0,13.290,47.84
8,1,3.354,12.07
8,2,5.460,19.66
8,3,27.912,100.48
8,4,6.792,24.45
8,5,15.297,55.07
8,6,3.750,13.50
8,7,6.000,21.60
8,9,41.189,148.28
8,10,8.078,29.08
9,0,12.649,45.54
9,1,2.981,10.73
9,2,5.375,19.35
9,3,29.273,105.38
9,4,7.454,26.83
9,5,15.563,56.03
9,6,3.887,13.99
9,7,6.000,21.60
9,9,41.189,148.28
9,10,6.566,23.64
10,0,12.924,46.53
10,1,3.231,11.63
10,2,5.367,19.32
10,3,29.844,107.44
10,4,7.299,26.28
10,5,15.886,57.19
10,6,3.842,13.83
10,7,6.000,21.60
10,9,41.189,148.28
10,10,7.250,26.10
11,0,12.769,45.97
11,1,3.181,11.45
11,2,5.372,19.34
11,3,30.311,109.12
11,4,7.277,26.20
11,5,16.052,57.79
11,6,3.933,14.16
11,7,6.000,21.60
11,9,41.189,148.28
11,10,7.091,25.53
12,0,13.285,47.83
12,1,2.915,10.50
12,2,6.042,21.75
12,3,31.816,114.54
12,4,7.159,25.77
12,5,16.194,58.30
12,6,3.606,12.98
12,7,6.000,21.60
12,9,41.189,148.28
12,10,6.964,25.07
13,0,13.885,49.98
13,1,3.515,12.65
13,2,6.000,21.60
13,3,32.059,115.41
13,4,7.612,27.40
13,5,16.389,59.00
13,6,3.605,12.98
13,7,6.000,21.60
13,9,41.189,148.28
13,10,7.737,27.85
14,0,14.246,51.29
14,1,4.066,14.64
14,2,6.136,22.09
14,3,33.225,119.61
14,4,7.594,27.34
14,5,16.981,61.13
14,6,3.347,12.05
14,7,6.000,21.60
14,9,41.189,148.28
14,10,7.594,27.34
15,0,14.187,51.07
15,1,3.795,13.66
15,2,6.093,21.93
15,3,34.035,122.53
15,4,7.473,26.90
15,5,16.919,60.91
15,6,3.774,13.58
15,7,6.000,21.60
15,9,41.189,148.28
15,10,7.211,25.96
16,0,14.485,52.15
16,1,3.915,14.09
16,2,5.712,20.56
16,3,34.281,123.41
16,4,7.830,28.19
16,5,18.140,65.30
16,6,3.861,13.90
16,7,6.000,21.60
16,9,41.189,148.28
16,10,6.894,24.82
16,11,7.068,25.45
17,0,14.625,52.65
17,1,3.685,13.27
17,2,5.842,21.03
17,3,34.199,123.12
17,4,7.708,27.75
17,5,18.124,65.25
17,6,3.476,12.51
17,7,6.000,21.60
17,9,41.189,148.28
17,10,7.370,26.53
17,11,7.115,25.61
18,0,14.670,52.81
18,1,3.801,13.68
18,2,5.821,20.96
18,3,34.132,122.88
18,4,7.601,27.36
18,5,18.774,67.58
18,6,3.727,13.42
18,7,6.000,21.60
18,9,41.189,148.28
18,10,7.696,27.70
18,11,6.960,25.06
19,0,14.896,53.62
19,1,4.213,15.17
19,2,5.806,20.90
19,3,33.984,122.34
19,4,7.201,25.92
19,5,19.042,68.55
19,6,3.683,13.26
19,7,6.000,21.60
19,9,41.189,148.28
19,10,7.592,27.33
19,11,6.264,22.55
20,0,15.487,55.75
20,1,3.946,14.21
20,2,5.909,21.27
20,3,34.285,123.43
20,4,7.500,27.00
20,5,19.052,68.59
20,6,3.912,14.08
20,7,6.000,21.60
20,9,41.189,148.28
20,10,7.500,27.00
20,11,6.747,24.29
21,0,15.652,56.35
21,1,4.041,14.55
21,2,5.628,20.26
21,3,34.011,122.44
21,4,7.418,26.70
21,5,19.279,69.40
21,6,3.833,13.80
21,7,6.000,21.60
21,9,41.189,148.28
21,10,7.500,27.00
21,11,6.801,24.48
22,0,15.961,57.46
22,1,4.127,14.86
22,2,5.734,20.64
22,3,33.433,120.36
22,4,7.504,27.01
22,5,24.371,87.73
22,6,4.027,14.50
22,7,6.000,21.60
22,9,41.189,148.28
22,10,7.680,27.65
22,11,6.801,24.48
23,0,16.182,58.26
23,1,4.182,15.06
23,2,5.960,21.46
23,3,33.433,120.36
23,4,7.424,26.73
23,5,18.929,68.14
23,6,3.982,14.34
23,7,6.000,21.60
23,9,41.189,148.28
23,10,7.672,27.62
23,11,6.801,24.48
24,0,16.298,58.67
24,1,4.257,15.33
24,2,5.815,20.93
24,3,33.433,120.36
24,4,7.591,27.33
24,5,18.916,68.10
24,6,3.816,13.74
24,7,6.000,21.60
24,9,41.189,148.28
24,10,7.830,28.19
24,11,6.801,24.48
25,0,16.714,60.17
25,1,4.327,15.58
25,2,5.800,20.88
25,3,33.433,120.36
25,4,7.589,27.32
25,5,17.955,64.64
25,6,3.870,13.93
25,7,6.000,21.60
25,9,41.189,148.28
25,10,7.684,27.66
25,11,6.801,24.48
26,0,17.016,61.26
26,1,4.391,15.81
26,2,5.676,20.43
26,3,33.433,120.36
26,4,7.517,27.06
26,5,18.248,65.69
26,6,3.923,14.12
26,7,6.000,21.60
26,9,41.189,148.28
26,10,7.671,27.62
26,11,6.801,24.48
27,0,17.167,61.80
27,1,4.450,16.02
27,2,5.765,20.75
27,3,33.433,120.36
27,4,7.663,27.59
27,5,17.228,62.02
27,6,3.975,14.31
27,7,6.000,21.60
27,9,41.189,148.28
27,10,7.601,27.36
27,11,6.801,24.48
28,0,17.431,62.75
28,1,4.500,16.20
28,2,5.661,20.38
28,3,33.433,120.36
28,4,7.658,27.57
28,5,16.734,60.24
28,6,3.863,13.91
28,7,6.000,21.60
28,9,41.189,148.28
28,10,7.744,27.88
28,11,6.691,24.09
29,0,17.751,63.90
29,1,4.556,16.40
29,2,5.749,20.69
29,3,33.433,120.36
29,4,7.460,26.86
29,5,15.953,57.43
29,6,3.996,14.39
29,7,6.000,21.60
29,9,41.189,148.28
29,10,7.531,27.11
29,11,6.641,23.91
30,0,18.165,65.39
30,1,4.617,16.62
30,2,5.459,19.65
30,3,33.433,120.36
30,4,7.400,26.64
30,5,16.082,57.90
30,6,3.863,13.91
30,7,6.000,21.60
30,9,41.189,148.28
30,10,7.616,27.42
30,11,6.958,25.05
31,0,18.621,67.04
31,1,4.468,16.09
31,2,5.546,19.96
31,3,33.433,120.36
31,4,7.590,27.33
31,5,15.411,55.48
31,6,3.919,14.11
31,7,6.000,21.60
31,9,41.189,148.28
31,10,7.418,26.71
31,11,6.991,25.17
32,0,18.941,68.19
32,1,4.721,17.00
32,2,5.628,20.26
32,3,33.433,120.36
32,4,7.593,27.34
32,5,15.481,55.73
32,6,3.915,14.09
32,7,6.000,21.60
32,9,41.189,148.28
32,10,7.368,26.52
32,11,7.177,25.84
33,0,19.280,69.41
33,1,4.783,17.22
33,2,5.616,20.22
33,3,33.433,120.36
33,4,7.534,27.12
33,5,15.481,55.73
33,6,3.915,14.09
33,7,6.000,21.60
33,9,41.189,148.28
33,10,7.320,26.35
33,11,6.878,24.76
33,12,18.000,64.80
34,0,19.664,70.79
34,1,4.846,17.44
34,2,5.691,20.49
34,3,33.433,120.36
34,4,7.479,26.92
34,5,14.917,53.70
34,6,3.915,14.09
34,7,6.000,21.60
34,9,41.189,148.28
34,10,7.619,27.43
34,11,6.910,24.88
34,12,18.000,64.80
35,0,20.025,72.09
35,1,4.876,17.55
35,2,5.528,19.90
35,3,16.049,57.78
35,4,7.589,27.32
35,5,14.917,53.70
35,6,3.915,14.09
35,7,6.000,21.60
35,10,7.568,27.25
35,11,6.942,24.99
35,12,18.000,64.80
35,14,18.000,64.80
36,0,20.366,73.32
36,1,4.905,17.66
36,2,5.603,20.17
36,3,15.568,56.04
36,4,7.433,26.76
36,5,14.917,53.70
36,6,3.915,14.09
36,10,7.520,27.07
36,11,6.892,24.81
36,12,18.000,64.80
36,14,18.000,64.80
37,0,20.783,74.82
37,1,5.092,18.33
37,2,5.451,19.62
37,3,14.948,53.81
37,4,7.440,26.78
37,5,14.917,53.70
37,6,3.915,14.09
37,10,7.634,27.48
37,11,6.847,24.65
37,12,18.000,64.80
37,14,18.000,64.80
38,0,21.289,76.64
38,1,5.141,18.51
38,2,5.445,19.60
38,3,14.732,53.03
38,4,7.392,26.61
38,5,14.917,53.70
38,6,3.915,14.09
38,10,7.587,27.31
38,11,6.806,24.50
38,12,18.000,64.80
38,14,18.000,64.80
39,0,21.627,77.86
39,1,5.190,18.68
39,2,5.676,20.43
39,3,14.406,51.86
39,4,7.401,26.64
39,5,14.917,53.70
39,6,3.915,14.09
39,10,7.576,27.27
39,11,6.835,24.61
39,12,18.000,64.80
39,14,18.000,64.80
40,0,21.476,77.31
40,1,5.385,19.39
40,2,5.534,19.92
40,3,14.406,51.86
40,4,7.409,26.67
40,5,14.917,53.70
40,6,3.915,14.09
40,10,7.649,27.53
40,11,6.865,24.71
40,12,18.000,64.80
40,14,18.000,64.80
40,15,18.000,64.80
41,0,21.524,77.49
41,1,5.540,19.94
41,2,5.399,19.44
41,3,14.406,51.86
41,4,7.452,26.83
41,5,14.917,53.70
41,6,3.915,14.09
41,10,7.579,27.28
41,11,7.001,25.20
41,12,18.000,64.80
41,14,18.000,64.80
41,15,15.000,54.00
42,0,21.516,77.46
42,1,5.440,19.58
42,2,5.468,19.68
42,3,14.406,51.86
42,4,7.508,27.03
42,5,14.917,53.70
42,6,3.915,14.09
42,10,7.705,27.74
42,11,6.854,24.67
42,12,18.000,64.80
42,14,18.000,64.80
42,15,16.000,57.60
43,0,21.639,77.90
43,1,5.753,20.71
43,2,5.534,19.92
43,3,12.855,46.28
43,4,7.463,26.87
43,5,14.917,53.70
43,6,3.915,14.09
43,10,7.639,27.50
43,11,6.981,25.13
43,12,18.000,64.80
43,14,18.000,64.80
43,15,16.500,59.40
44,0,21.326,76.77
44,1,5.657,20.37
44,2,5.408,19.47
44,3,12.855,46.28
44,4,7.597,27.35
44,5,14.917,53.70
44,6,3.915,14.09
44,10,7.579,27.28
44,11,6.981,25.13
44,12,18.000,64.80
44,14,18.000,64.80
44,15,19.237,69.25
44,16,8.246,29.69
45,0,21.499,77.40
45,1,5.824,20.97
45,2,5.473,19.70
45,3,12.855,46.28
45,4,7.477,26.92
45,5,14.917,53.70
45,6,3.915,14.09
45,10,7.716,27.78
45,11,6.981,25.13
45,12,18.000,64.80
45,14,18.000,64.80
45,15,19.026,68.49
45,16,8.246,29.69
46,0,21.499,77.40
46,1,5.859,21.09
46,2,5.428,19.54
46,3,12.855,46.28
46,4,7.485,26.95
46,5,14.917,53.70
46,6,3.915,14.09
46,10,7.785,28.02
46,11,8.790,31.64
46,12,18.000,64.80
46,14,18.000,64.80
46,15,17.228,62.02
46,16,8.246,29.69
47,0,21.499,77.40
47,1,6.016,21.66
47,2,5.313,19.13
47,3,12.855,46.28
47,4,7.444,26.80
47,5,14.917,53.70
47,6,3.915,14.09
47,10,7.619,27.43
47,11,8.754,31.52
47,12,18.000,64.80
47,14,18.000,64.80
47,15,17.396,62.63
47,16,8.246,29.69
48,0,21.499,77.40
48,1,6.130,22.07
48,2,5.450,19.62
48,3,12.855,46.28
48,4,7.405,26.66
48,5,14.917,53.70
48,6,3.915,14.09
48,10,7.708,27.75
48,11,8.754,31.52
48,12,18.000,64.80
48,14,18.000,64.80
48,15,17.448,62.81
48,16,8.246,29.69
49,0,21.499,77.40
49,1,6.158,22.17
49,2,5.339,19.22
49,3,12.855,46.28
49,4,7.413,26.69
49,5,14.917,53.70
49,6,3.915,14.09
49,10,7.914,28.49
49,11,8.754,31.52
49,12,18.000,64.80
49,14,18.000,64.80
49,15,16.971,61.09
49,16,8.246,29.69
49,17,6.000,21.60
50,0,21.499,77.40
50,1,6.264,22.55
50,2,5.304,19.10
50,3,12.855,46.28
50,4,7.532,27.12
50,5,14.917,53.70
50,6,3.915,14.09
50,10,7.874,28.35
50,11,8.754,31.52
50,12,18.000,64.80
50,14,18.000,64.80
50,15,17.049,61.38
50,16,8.246,29.69
50,17,6.000,21.60
51,0,21.499,77.40
51,1,6.288,22.64
51,2,5.366,19.32
51,3,12.855,46.28
51,4,7.450,26.82
51,5,14.917,53.70
51,6,3.915,14.09
51,10,7.953,28.63
51,11,8.754,31.52
51,12,18.000,64.80
51,14,18.000,64.80
51,15,17.678,63.64
51,16,8.246,29.69
51,17,6.000,21.60
52,0,21.499,77.40
52,1,6.312,22.72
52,2,5.334,19.20
52,3,12.855,46.28
52,4,7.456,26.84
52,5,14.917,53.70
52,6,3.915,14.09
52,10,7.915,28.49
52,11,8.754,31.52
52,12,18.000,64.80
52,14,18.000,64.80
52,15,17.232,62.04
52,16,8.246,29.69
52,17,6.185,22.26
53,0,21.499,77.40
53,1,6.444,23.20
53,2,5.163,18.59
53,3,12.855,46.28
53,4,7.463,26.87
53,5,14.917,53.70
53,6,3.915,14.09
53,10,8.102,29.17
53,11,8.754,31.52
53,12,18.000,64.80
53,14,18.000,64.80
53,15,17.276,62.19
53,16,8.246,29.69
53,17,6.185,22.26
54,0,21.499,77.40
54,1,6.676,24.03
54,2,5.136,18.49
54,3,12.855,46.28
54,4,7.470,26.89
54,5,14.917,53.70
54,6,3.915,14.09
54,10,8.049,28.98
54,11,8.754,31.52
54,12,18.000,64.80
54,14,18.000,64.80
54,15,16.971,61.09
54,16,9.242,33.27
54,17,6.185,22.26
55,0,21.499,77.40
55,1,6.693,24.09
55,2,5.128,18.46
55,3,12.855,46.28
55,4,7.477,26.92
55,5,14.917,53.70
55,6,3.915,14.09
55,10,8.120,29.23
55,11,8.754,31.52
55,12,18.000,64.80
55,14,18.000,64.80
55,15,17.078,61.48
55,16,9.242,33.27
55,17,6.528,23.50
56,0,21.499,77.40
56,1,6.847,24.65
56,2,5.104,18.37
56,3,12.855,46.28
56,4,7.442,26.79
56,5,14.917,53.70
56,6,3.915,14.09
56,10,8.081,29.09
56,11,8.754,31.52
56,12,18.000,64.80
56,14,18.000,64.80
56,15,17.470,62.89
56,16,8.809,31.71
56,17,5.712,20.56
56,19,12.000,43.20
57,0,21.499,77.40
57,1,6.961,25.06
57,2,5.014,18.05
57,3,12.855,46.28
57,4,7.492,26.97
57,5,14.917,53.70
57,6,3.915,14.09
57,10,8.081,29.09
57,11,8.754,31.52
57,12,18.000,64.80
57,14,18.000,64.80
57,15,17.537,63.13
57,16,8.809,31.71
57,17,5.696,20.51
57,19,9.000,32.40
58,0,21.499,77.40
58,1,7.071,25.46
58,2,5.008,18.03
58,3,12.855,46.28
58,4,7.458,26.85
58,5,14.917,53.70
58,6,3.915,14.09
58,10,8.081,29.09
58,11,8.754,31.52
58,12,18.000,64.80
58,14,18.000,64.80
58,15,17.599,63.36
58,16,8.809,31.71
58,17,5.692,20.49
58,19,10.770,38.77
59,0,21.499,77.40
59,1,7.082,25.50
59,2,4.909,17.67
59,3,12.855,46.28
59,4,7.465,26.88
59,5,14.917,53.70
59,6,3.915,14.09
59,10,8.379,30.16
59,11,8.754,31.52
59,12,18.000,64.80
59,14,18.000,64.80
59,15,17.905,64.46
59,16,8.809,31.71
59,17,5.875,21.15
59,19,8.746,31.49
60,0,21.499,77.40
60,1,7.346,26.45
60,2,5.052,18.19
60,3,12.855,46.28
60,4,7.508,27.03
60,5,14.917,53.70
60,6,3.915,14.09
60,10,8.429,30.34
60,11,8.754,31.52
60,12,18.000,64.80
60,14,18.000,64.80
60,15,18.272,65.78
60,16,8.809,31.71
60,17,5.852,21.07
60,19,10.733,38.64
61,0,21.499,77.40
61,1,7.573,27.26
61,2,4.966,17.88
61,3,12.855,46.28
61,4,7.508,27.03
61,5,14.917,53.70
61,6,3.915,14.09
61,10,8.487,30.55
61,11,8.754,31.52
61,12,18.000,64.80
61,14,18.000,64.80
61,15,18.248,65.69
61,16,8.809,31.71
61,17,6.192,22.29
61,19,9.849,35.46
62,0,21.499,77.40
62,1,7.799,28.08
62,2,4.962,17.86
62,3,12.855,46.28
62,4,7.465,26.88
62,5,14.917,53.70
62,6,3.915,14.09
62,10,8.683,31.26
62,11,8.754,31.52
62,12,18.000,64.80
62,14,18.000,64.80
62,15,18.485,66.55
62,16,8.809,31.71
62,17,6.136,22.09
62,19,9.232,33.23
63,0,21.499,77.40
63,1,8.065,29.04
63,2,5.036,18.13
63,3,12.855,46.28
63,4,7.508,27.03
63,5,14.917,53.70
63,10,8.676,31.23
63,11,8.754,31.52
63,12,18.000,64.80
63,13,0.566,2.04
63,14,18.000,64.80
63,15,18.485,66.55
63,16,0.862,3.10
63,17,6.093,21.93
63,19,9.750,35.10
64,0,21.499,77.40
64,1,8.292,29.85
64,2,4.962,17.86
64,3,12.855,46.28
64,4,7.459,26.85
64,5,14.917,53.70
64,10,8.774,31.59
64,11,8.754,31.52
64,13,1.224,4.41
64,14,18.000,64.80
64,15,18.485,66.55
64,16,0.862,3.10
64,17,6.207,22.35
64,19,10.154,36.56
65,0,21.499,77.40
65,1,8.467,30.48
65,2,4.892,17.61
65,3,12.855,46.28
65,4,7.504,27.01
65,10,8.964,32.27
65,11,8.754,31.52
65,13,2.096,7.55
65,14,18.000,64.80
65,15,18.485,66.55
65,16,0.862,3.10
65,17,6.164,22.19
65,19,9.932,35.75
66,0,21.499,77.40
66,1,8.694,31.30
66,2,4.898,17.63
66,3,12.855,46.28
66,4,7.550,27.18
66,10,8.959,32.25
66,11,8.754,31.52
66,13,2.727,9.82
66,15,18.485,66.55
66,16,0.862,3.10
66,17,5.963,21.47
66,19,10.028,36.10
67,0,21.499,77.40
67,1,8.871,31.94
67,2,4.831,17.39
67,3,12.855,46.28
67,4,7.550,27.18
67,10,8.959,32.25
67,11,8.754,31.52
67,13,3.529,12.71
67,15,18.485,66.55
67,16,0.862,3.10
67,17,6.074,21.87
67,19,10.028,36.10
67,20,13.416,48.30
68,0,21.499,77.40
68,1,8.871,31.94
68,2,4.831,17.39
68,3,12.855,46.28
68,4,7.460,26.86
68,10,9.251,33.30
68,11,8.754,31.52
68,13,4.289,15.44
68,15,18.485,66.55
68,16,0.862,3.10
68,17,6.037,21.73
68,19,10.028,36.10
68,20,10.817,38.94
68,21,16.971,61.09
69,0,21.499,77.40
69,1,8.871,31.94
69,2,4.909,17.67
69,3,12.855,46.28
69,4,7.418,26.71
69,10,9.346,33.65
69,11,8.754,31.52
69,13,5.003,18.01
69,15,18.485,66.55
69,16,2.143,7.71
69,17,6.135,22.08
69,19,10.028,36.10
69,20,10.000,36.00
69,21,16.971,61.09
69,23,16.971,61.09
70,0,21.499,77.40
70,1,8.871,31.94
70,2,4.844,17.44
70,3,12.855,46.28
70,4,7.418,26.71
70,10,9.740,35.06
70,11,8.754,31.52
70,13,5.523,19.88
70,15,18.485,66.55
70,16,2.143,7.71
70,17,6.098,21.95
70,19,10.028,36.10
70,20,8.746,31.49
70,21,16.971,61.09
70,23,16.971,61.09
70,24,16.971,61.09
71,0,21.499,77.40
71,1,8.871,31.94
71,2,4.741,17.07
71,3,12.855,46.28
71,4,7.418,26.71
71,10,9.836,35.41
71,11,8.754,31.52
71,13,6.481,23.33
71,15,18.485,66.55
71,16,2.143,7.71
71,17,6.068,21.84
71,19,10.028,36.10
71,20,11.321,40.75
71,21,16.971,61.09
71,23,16.971,61.09
71,24,17.493,62.97
72,0,21.499,77.40
72,1,8.871,31.94
72,2,4.741,17.07
72,3,12.855,46.28
72,4,7.379,26.56
72,10,9.934,35.76
72,11,8.754,31.52
72,13,7.257,26.12
72,15,18.485,66.55
72,16,2.143,7.71
72,17,5.815,20.93
72,19,10.028,36.10
72,20,11.662,41.98
72,21,16.971,61.09
72,23,16.971,61.09
72,24,16.125,58.05
73,0,21.499,77.40
73,1,8.871,31.94
73,2,4.682,16.86
73,3,12.855,46.28
73,4,7.379,26.56
73,10,10.132,36.47
73,11,8.754,31.52
73,13,7.836,28.21
73,15,18.485,66.55
73,16,2.143,7.71
73,17,5.903,21.25
73,19,10.028,36.10
73,20,11.500,41.40
73,21,16.971,61.09
73,23,16.971,61.09
73,24,17.493,62.97
74,0,21.499,77.40
74,1,8.871,31.94
74,2,4.744,17.08
74,4,7.379,26.56
74,10,10.132,36.47
74,11,8.754,31.52
74,13,8.665,31.19
74,15,18.485,66.55
74,16,2.143,7.71
74,17,5.883,21.18
74,19,10.028,36.10
74,20,11.739,42.26
74,21,16.971,61.09
74,23,16.971,61.09
74,24,18.974,68.31
75,0,21.499,77.40
75,1,6.385,22.99
75,2,4.744,17.08
75,4,7.291,26.25
75,10,10.328,37.18
75,11,8.754,31.52
75,13,9.183,33.06
75,15,18.485,66.55
75,16,2.143,7.71
75,17,5.867,21.12
75,19,10.028,36.10
75,20,11.926,42.93
75,21,16.971,61.09
75,23,16.971,61.09
75,24,19.416,69.90
76,1,6.465,23.28
76,2,4.692,16.89
76,4,7.255,26.12
76,10,10.725,38.61
76,11,8.754,31.52
76,13,9.539,34.34
76,15,18.485,66.55
76,16,4.827,17.38
76,17,5.750,20.70
76,19,10.028,36.10
76,20,11.926,42.93
76,21,16.971,61.09
76,23,16.971,61.09
76,24,20.446,73.61
77,1,6.631,23.87
77,2,4.822,17.36
77,4,7.309,26.31
77,10,11.023,39.68
77,11,8.754,31.52
77,13,9.743,35.08
77,15,18.485,66.55
77,16,4.972,17.90
77,17,5.830,20.99
77,19,10.028,36.10
77,20,11.926,42.93
77,21,7.892,28.41
77,23,16.971,61.09
77,24,20.594,74.14
78,1,6.631,23.87
78,2,4.775,17.19
78,4,7.449,26.82
78,10,11.122,40.04
78,13,9.911,35.68
78,15,18.485,66.55
78,16,4.961,17.86
78,17,5.814,20.93
78,19,10.028,36.10
78,20,11.926,42.93
78,21,6.025,21.69
78,23,16.971,61.09
78,24,20.352,73.27
78,26,13.416,48.30
79,1,6.631,23.87
79,2,4.781,17.21
79,4,7.363,26.51
79,10,11.318,40.75
79,13,10.112,36.40
79,15,18.485,66.55
79,16,4.864,17.51
79,17,5.887,21.19
79,19,10.028,36.10
79,20,11.926,42.93
79,21,4.031,14.51
79,23,6.025,21.69
79,24,20.802,74.89
79,26,13.416,48.30
80,1,6.631,23.87
80,2,4.781,17.21
80,4,7.333,26.40
80,10,11.519,41.47
80,13,10.182,36.66
80,15,18.485,66.55
80,16,4.858,17.49
80,17,5.703,20.53
80,19,10.028,36.10
80,20,11.926,42.93
80,21,4.031,14.51
80,23,5.000,18.00
80,24,21.336,76.81
80,26,13.416,48.30
81,1,6.631,23.87
81,2,4.835,17.40
81,4,7.192,25.89
81,10,11.720,42.19
81,13,10.607,38.18
81,15,18.485,66.55
81,16,5.006,18.02
81,17,5.775,20.79
81,19,10.028,36.10
81,20,11.926,42.93
81,21,4.031,14.51
81,23,3.360,12.10
81,24,22.051,79.38
81,26,13.416,48.30
82,1,6.631,23.87
82,2,4.824,17.37
82,4,7.165,25.79
82,10,11.720,42.19
82,13,10.859,39.09
82,15,18.485,66.55
82,16,5.341,19.23
82,17,5.606,20.18
82,19,10.028,36.10
82,20,11.926,42.93
82,21,4.031,14.51
82,23,2.744,9.88
82,24,22.019,79.27
82,26,13.416,48.30
82,27,58.138,209.30
83,1,6.631,23.87
83,2,4.793,17.25
83,4,7.223,26.00
83,10,11.720,42.19
83,13,10.859,39.09
83,15,9.833,35.40
83,16,5.379,19.37
83,17,5.678,20.44
83,19,10.028,36.10
83,20,11.926,42.93
83,21,4.031,14.51
83,23,2.744,9.88
83,24,22.585,81.30
83,26,13.416,48.30
83,27,58.138,209.30
83,30,13.416,48.30
83,31,8.485,30.55
84,1,6.631,23.87
84,2,4.861,17.50
84,4,7.223,26.00
84,10,11.720,42.19
84,13,10.859,39.09
84,15,10.014,36.05
84,16,5.368,19.32
84,17,5.667,20.40
84,19,10.028,36.10
84,20,11.926,42.93
84,21,4.031,14.51
84,23,2.744,9.88
84,24,23.193,83.50
84,26,13.416,48.30
84,27,58.138,209.30
84,30,13.416,48.30
84,31,3.000,10.80
84,32,12.000,43.20
85,1,6.631,23.87
85,2,4.959,17.85
85,4,7.200,25.92
85,10,11.720,42.19
85,13,10.859,39.09
85,15,10.334,37.20
85,16,5.368,19.32
85,17,5.733,20.64
85,19,10.028,36.10
85,20,11.926,42.93
85,21,4.031,14.51
85,23,2.744,9.88
85,24,23.818,85.74
85,26,13.416,48.30
85,27,26.173,94.22
85,30,13.416,48.30
85,31,6.325,22.77
85,32,12.000,43.20
85,34,25.456,91.64
86,1,6.631,23.87
86,2,4.810,17.32
86,4,7.119,25.63
86,10,11.720,42.19
86,13,10.859,39.09
86,15,10.615,38.21
86,16,5.368,19.32
86,17,5.582,20.10
86,19,10.028,36.10
86,20,11.926,42.93
86,21,4.031,14.51
86,23,2.744,9.88
86,24,24.178,87.04
86,26,13.416,48.30
86,27,21.222,76.40
86,30,13.416,48.30
86,31,6.000,21.60
86,32,12.000,43.20
86,34,19.209,69.15
87,1,6.631,23.87
87,2,4.909,17.67
87,4,7.119,25.63
87,10,11.720,42.19
87,13,10.859,39.09
87,15,11.275,40.59
87,16,5.368,19.32
87,17,5.575,20.07
87,19,10.028,36.10
87,20,11.926,42.93
87,21,4.031,14.51
87,23,2.744,9.88
87,24,24.777,89.20
87,26,13.416,48.30
87,27,17.103,61.57
87,30,13.416,48.30
87,31,6.119,22.03
87,32,12.000,43.20
87,34,19.209,69.15
87,36,18.000,64.80
88,1,6.631,23.87
88,2,4.887,17.59
88,4,7.119,25.63
88,10,11.720,42.19
88,13,10.859,39.09
88,15,11.420,41.11
88,16,5.368,19.32
88,17,5.638,20.30
88,19,10.028,36.10
88,20,11.926,42.93
88,21,4.031,14.51
88,23,2.744,9.88
88,24,25.487,91.75
88,26,13.416,48.30
88,27,14.063,50.63
88,30,13.416,48.30
88,31,6.083,21.90
88,32,12.000,43.20
88,34,19.209,69.15
88,36,18.974,68.31
89,1,6.631,23.87
89,2,5.066,18.24
89,4,7.243,26.07
89,10,11.720,42.19
89,13,10.859,39.09
89,15,11.799,42.48
89,16,5.368,19.32
89,17,5.630,20.27
89,19,10.028,36.10
89,20,11.926,42.93
89,21,4.031,14.51
89,23,2.744,9.88
89,24,26.210,94.36
89,26,13.416,48.30
89,27,11.819,42.55
89,30,13.416,48.30
89,31,5.214,18.77
89,32,12.000,43.20
89,34,19.209,69.15
89,36,18.974,68.31
89,37,21.633,77.88
90,1,6.631,23.87
90,2,5.034,18.12
90,4,7.084,25.50
90,10,10.387,37.39
90,13,10.859,39.09
90,15,12.281,44.21
90,16,5.368,19.32
90,17,5.496,19.78
90,19,1.236,4.45
90,20,11.926,42.93
90,21,4.031,14.51
90,23,2.744,9.88
90,24,26.547,95.57
90,26,13.416,48.30
90,27,10.349,37.26
90,30,13.416,48.30
90,31,5.303,19.09
90,32,12.000,43.20
90,34,19.209,69.15
90,36,18.974,68.31
90,37,21.633,77.88
90,38,18.974,68.31
91,1,6.631,23.87
91,2,5.034,18.12
91,4,7.005,25.22
91,10,10.387,37.39
91,13,10.859,39.09
91,15,12.620,45.43
91,16,5.368,19.32
91,17,5.557,20.00
91,19,1.344,4.84
91,20,11.926,42.93
91,21,4.031,14.51
91,23,2.744,9.88
91,24,27.307,98.30
91,26,13.416,48.30
91,27,8.732,31.44
91,30,13.416,48.30
91,31,5.497,19.79
91,32,12.000,43.20
91,34,19.209,69.15
91,36,18.974,68.31
91,37,21.633,77.88
91,38,17.493,62.97
92,1,6.631,23.87
92,2,5.034,18.12
92,4,7.071,25.45
92,10,10.938,39.38
92,13,10.859,39.09
92,15,13.050,46.98
92,16,5.368,19.32
92,17,5.551,19.98
92,19,1.235,4.45
92,20,11.926,42.93
92,21,4.031,14.51
92,23,2.744,9.88
92,24,27.856,100.28
92,26,13.416,48.30
92,27,8.321,29.95
92,30,13.416,48.30
92,31,5.532,19.91
92,32,12.000,43.20
92,34,19.209,69.15
92,36,18.974,68.31
92,37,21.633,77.88
92,38,20.591,74.13
93,1,6.631,23.87
93,2,5.034,18.12
93,4,7.280,26.21
93,10,10.938,39.38
93,13,10.859,39.09
93,15,13.371,48.13
93,16,5.368,19.32
93,17,5.428,19.54
93,19,1.235,4.45
93,20,11.926,42.93
93,21,4.031,14.51
93,23,2.744,9.88
93,24,27.856,100.28
93,26,13.416,48.30
93,27,7.336,26.41
93,30,13.416,48.30
93,31,6.098,21.95
93,32,12.000,43.20
93,34,19.209,69.15
93,36,18.974,68.31
93,37,21.633,77.88
93,38,20.839,75.02
93,41,38.419,138.31
93,42,13.416,48.30
94,1,6.631,23.87
94,2,5.034,18.12
94,4,7.128,25.66
94,10,10.938,39.38
94,13,10.859,39.09
94,15,14.006,50.42
94,16,5.368,19.32
94,17,5.486,19.75
94,19,1.235,4.45
94,20,2.499,9.00
94,21,4.031,14.51
94,23,2.744,9.88
94,24,27.856,100.28
94,26,13.416,48.30
94,27,7.473,26.90
94,30,13.416,48.30
94,31,6.185,22.26
94,32,12.000,43.20
94,34,19.209,69.15
94,36,18.974,68.31
94,37,21.633,77.88
94,38,20.991,75.57
94,41,45.000,162.00
94,42,10.817,38.94
95,1,6.631,23.87
95,2,5.034,18.12
95,4,7.272,26.18
95,10,11.893,42.81
95,13,10.859,39.09
95,15,14.077,50.68
95,16,5.368,19.32
95,17,5.482,19.73
95,19,1.235,4.45
95,20,2.238,8.06
95,21,4.031,14.51
95,23,2.744,9.88
95,24,27.856,100.28
95,26,13.416,48.30
95,27,7.242,26.07
95,30,13.416,48.30
95,31,6.158,22.17
95,32,12.000,43.20
95,34,19.209,69.15
95,36,18.974,68.31
95,37,21.633,77.88
95,38,21.954,79.04
95,41,45.607,164.19
95,42,10.817,38.94
96,1,6.631,23.87
96,2,5.034,18.12
96,4,7.272,26.18
96,10,12.047,43.37
96,13,10.859,39.09
96,15,14.048,50.57
96,16,5.368,19.32
96,17,5.368,19.32
96,19,1.235,4.45
96,20,1.789,6.44
96,21,4.031,14.51
96,23,2.744,9.88
96,24,27.856,100.28
96,26,13.416,48.30
96,27,6.659,23.97
96,30,13.416,48.30
96,31,6.653,23.95
96,32,12.000,43.20
96,34,19.209,69.15
96,36,18.974,68.31
96,37,21.633,77.88
96,38,21.903,78.85
96,41,41.488,149.36
96,42,10.817,38.94
97,1,6.631,23.87
97,2,5.034,18.12
97,4,7.266,26.16
97,10,12.047,43.37
97,13,10.859,39.09
97,15,14.124,50.85
97,16,5.368,19.32
97,17,5.424,19.53
97,19,1.235,4.45
97,20,1.409,5.07
97,21,4.031,14.51
97,23,2.744,9.88
97,24,27.856,100.28
97,26,13.416,48.30
97,27,7.134,25.68
97,30,13.416,48.30
97,31,6.210,22.35
97,32,12.000,43.20
97,34,19.209,69.15
97,36,18.974,68.31
97,37,21.633,77.88
97,38,21.866,78.72
97,41,40.765,146.75
97,42,10.817,38.94
98,1,6.631,23.87
98,2,5.034,18.12
98,4,7.266,26.16
98,10,12.881,46.37
98,13,10.859,39.09
98,15,14.197,51.11
98,16,5.368,19.32
98,17,5.421,19.52
98,19,1.235,4.45
98,20,1.326,4.77
98,21,4.031,14.51
98,23,2.744,9.88
98,24,27.856,100.28
98,26,13.416,48.30
98,27,7.605,27.38
98,30,13.416,48.30
98,31,5.822,20.96
98,32,12.000,43.20
98,34,19.209,69.15
98,36,18.974,68.31
98,37,21.633,77.88
98,38,22.755,81.92
98,41,40.311,145.12
98,42,10.817,38.94
99,1,6.631,23.87
99,2,5.034,18.12
99,4,7.192,25.89
99,10,13.914,50.09
99,13,10.859,39.09
99,15,14.269,51.37
99,16,5.368,19.32
99,17,5.531,19.91
99,19,1.235,4.45
99,20,1.091,3.93
99,21,4.031,14.51
99,23,2.744,9.88
99,24,27.856,100.28
99,26,13.416,48.30
99,27,7.649,27.53
99,30,13.416,48.30
99,31,5.821,20.96
99,32,12.000,43.20
99,34,19.209,69.15
99,36,18.974,68.31
99,37,21.633,77.88
99,38,23.153,83.35
99,41,39.401,141.84
99,42,10.817,38.94
100,1,6.631,23.87
100,2,5.034,18.12
100,4,7.335,26.41
100,10,13.954,50.24
100,13,10.859,39.09
100,15,14.269,51.37
100,16,5.368,19.32
100,17,5.482,19.73
100,19,1.235,4.45
100,20,0.950,3.42
100,21,4.031,14.51
100,23,2.744,9.88
100,24,27.856,100.28
100,26,13.416,48.30
100,27,7.944,28.60
100,30,13.416,48.30
100,31,5.907,21.26
100,32,12.000,43.20
100,34,19.209,69.15
100,36,18.974,68.31
100,37,21.633,77.88
100,38,23.763,85.55
100,41,39.302,141.49
100,42,10.817,38.94
101,1,6.631,23.87
101,2,5.034,18.12
101,4,7.263,26.15
101,10,14.146,50.93
101,13,10.859,39.09
101,15,14.396,51.83
101,16,5.368,19.32
101,17,5.476,19.71
101,19,1.235,4.45
101,20,0.857,3.09
101,21,4.031,14.51
101,23,2.744,9.88
101,24,27.856,100.28
101,26,13.416,48.30
101,27,8.402,30.25
101,30,13.416,48.30
101,31,6.204,22.34
101,32,12.000,43.20
101,34,19.209,69.15
101,36,18.974,68.31
101,37,21.633,77.88
101,38,24.698,88.91
101,41,39.777,143.20
101,42,10.817,38.94
102,1,6.631,23.87
102,2,5.034,18.12
102,4,7.336,26.41
102,10,14.390,51.80
102,13,10.859,39.09
102,15,14.632,52.68
102,16,5.368,19.32
102,17,5.375,19.35
102,19,1.235,4.45
102,20,0.972,3.50
102,21,4.031,14.51
102,23,2.744,9.88
102,24,13.168,47.40
102,26,13.416,48.30
102,27,8.769,31.57
102,30,13.416,48.30
102,31,6.264,22.55
102,32,12.000,43.20
102,34,19.209,69.15
102,36,18.974,68.31
102,37,21.633,77.88
102,38,24.855,89.48
102,41,40.486,145.75
102,42,10.817,38.94
103,1,6.631,23.87
103,2,5.034,18.12
103,4,7.340,26.43
103,10,14.536,52.33
103,13,10.859,39.09
103,15,14.632,52.68
103,16,5.368,19.32
103,17,5.426,19.53
103,19,1.235,4.45
103,20,1.235,4.45
103,21,4.031,14.51
103,23,2.744,9.88
103,24,13.663,49.19
103,26,13.416,48.30
103,27,9.059,32.61
103,30,13.416,48.30
103,31,6.240,22.46
103,32,12.000,43.20
103,34,19.209,69.15
103,36,18.974,68.31
103,37,21.633,77.88
103,38,24.855,89.48
103,41,39.462,142.06
103,42,10.817,38.94
104,1,6.631,23.87
104,2,5.034,18.12
104,4,7.340,26.43
104,10,14.536,52.33
104,13,10.859,39.09
104,15,14.632,52.68
104,16,5.368,19.32
104,17,5.476,19.71
104,19,1.235,4.45
104,20,1.302,4.69
104,21,4.031,14.51
104,23,2.744,9.88
104,24,13.663,49.19
104,26,13.416,48.30
104,27,9.660,34.78
104,30,13.416,48.30
104,31,6.483,23.34
104,32,12.000,43.20
104,34,19.209,69.15
104,36,18.974,68.31
104,37,21.633,77.88
104,38,24.855,89.48
104,41,38.994,140.38
104,42,10.817,38.94
104,49,37.947,136.61
105,1,6.631,23.87
105,2,5.034,18.12
105,4,7.410,26.68
105,10,14.536,52.33
105,13,10.859,39.09
105,15,14.632,52.68
105,16,5.368,19.32
105,17,5.476,19.71
105,19,1.235,4.45
105,20,1.538,5.54
105,21,4.117,14.82
105,23,2.744,9.88
105,24,13.663,49.19
105,26,13.416,48.30
105,27,9.912,35.68
105,30,13.416,48.30
105,31,6.454,23.23
105,32,12.000,43.20
105,34,19.209,69.15
105,36,18.974,68.31
105,37,21.633,77.88
105,38,24.855,89.48
105,41,40.657,146.37
105,42,10.817,38.94
105,49,37.590,135.32
106,1,6.631,23.87
106,2,5.034,18.12
106,4,7.491,26.97
106,10,14.536,52.33
106,13,10.859,39.09
106,15,13.045,46.96
106,16,5.368,19.32
106,17,5.429,19.54
106,19,1.235,4.45
106,20,1.538,5.54
106,21,3.721,13.40
106,23,2.744,9.88
106,24,13.663,49.19
106,26,13.416,48.30
106,27,10.482,37.74
106,30,13.416,48.30
106,31,6.185,22.26
106,32,12.000,43.20
106,34,19.209,69.15
106,36,18.974,68.31
106,37,21.633,77.88
106,38,24.855,89.48
106,41,40.657,146.37
106,42,10.817,38.94
106,49,36.715,132.17
107,1,6.631,23.87
107,2,5.034,18.12
107,4,7.578,27.28
107,10,14.536,52.33
107,13,10.859,39.09
107,15,13.202,47.53
107,16,5.368,19.32
107,17,5.337,19.21
107,19,1.235,4.45
107,20,1.538,5.54
107,21,3.293,11.86
107,23,2.744,9.88
107,24,13.663,49.19
107,26,13.416,48.30
107,27,11.062,39.82
107,30,13.416,48.30
107,31,5.770,20.77
107,32,12.000,43.20
107,34,19.209,69.15
107,36,18.974,68.31
107,37,21.633,77.88
107,38,24.855,89.48
107,41,40.657,146.37
107,42,10.817,38.94
107,49,38.331,137.99
108,2,5.034,18.12
108,4,7.656,27.56
108,10,14.536,52.33
108,13,10.859,39.09
108,15,13.202,47.53
108,16,5.368,19.32
108,17,5.385,19.39
108,19,1.235,4.45
108,20,1.538,5.54
108,21,2.886,10.39
108,23,2.744,9.88
108,24,13.663,49.19
108,26,13.416,48.30
108,27,11.385,40.99
108,30,13.416,48.30
108,31,5.770,20.77
108,32,12.000,43.20
108,34,19.209,69.15
108,36,18.974,68.31
108,37,21.633,77.88
108,38,24.855,89.48
108,41,2.019,7.27
108,42,10.817,38.94
108,49,39.308,141.51
108,55,12.000,43.20
109,2,5.034,18.12
109,4,7.592,27.33
109,10,14.536,52.33
109,13,10.859,39.09
109,15,13.202,47.53
109,16,5.368,19.32
109,17,5.297,19.07
109,19,1.235,4.45
109,20,1.538,5.54
109,21,2.499,9.00
109,23,2.744,9.88
109,24,13.663,49.19
109,27,11.764,42.35
109,30,13.416,48.30
109,31,5.770,20.77
109,32,12.000,43.20
109,34,19.209,69.15
109,36,18.974,68.31
109,37,21.633,77.88
109,38,24.855,89.48
109,41,3.993,14.38
109,42,10.817,38.94
109,49,39.308,141.51
109,55,9.487,34.15
110,2,5.034,18.12
110,4,7.831,28.19
110,10,14.536,52.33
110,13,10.859,39.09
110,15,13.202,47.53
110,16,5.368,19.32
110,17,5.396,19.43
110,19,1.235,4.45
110,20,1.538,5.54
110,21,2.130,7.67
110,23,2.744,9.88
110,24,13.663,49.19
110,27,12.124,43.65
110,30,13.416,48.30
110,31,5.770,20.77
110,32,12.000,43.20
110,34,19.209,69.15
110,36,18.974,68.31
110,37,21.633,77.88
110,38,24.855,89.48
110,41,6.146,22.13
110,42,10.817,38.94
110,49,39.308,141.51
110,55,8.246,29.69
111,2,5.034,18.12
111,4,7.770,27.97
111,10,14.536,52.33
111,13,10.859,39.09
111,15,13.202,47.53
111,16,5.368,19.32
111,17,5.396,19.43
111,19,1.235,4.45
111,20,1.538,5.54
111,21,1.709,6.15
111,23,2.744,9.88
111,24,13.663,49.19
111,27,12.779,46.00
111,30,13.416,48.30
111,31,5.770,20.77
111,32,12.000,43.20
111,34,19.209,69.15
111,36,18.974,68.31
111,37,21.633,77.88
111,38,24.855,89.48
111,41,8.532,30.72
111,42,10.817,38.94
111,49,39.308,141.51
111,55,8.078,29.08
112,2,5.034,18.12
112,4,7.912,28.48
112,10,14.536,52.33
112,13,10.859,39.09
112,15,13.202,47.53
112,16,5.368,19.32
112,17,5.415,19.49
112,19,1.235,4.45
112,20,1.538,5.54
112,21,1.373,4.94
112,23,2.744,9.88
112,24,13.663,49.19
112,27,13.274,47.79
112,30,13.416,48.30
112,31,5.770,20.77
112,32,12.000,43.20
112,34,19.209,69.15
112,36,18.974,68.31
112,37,21.633,77.88
112,38,24.855,89.48
112,41,9.795,35.26
112,42,10.817,38.94
112,49,39.308,141.51
112,53,8.944,32.20
112,55,7.589,27.32
113,2,5.034,18.12
113,4,8.015,28.85
113,10,14.536,52.33
113,15,13.202,47.53
113,16,5.368,19.32
113,17,5.392,19.41
113,19,1.235,4.45
113,20,1.538,5.54
113,21,1.052,3.79
113,24,13.663,49.19
113,27,13.878,49.96
113,30,13.416,48.30
113,31,5.770,20.77
113,32,12.000,43.20
113,34,19.209,69.15
113,36,18.974,68.31
113,37,21.633,77.88
113,38,24.855,89.48
113,41,11.114,40.01
113,42,10.817,38.94
113,49,39.308,141.51
113,53,8.442,30.39
113,55,6.325,22.77
114,2,5.034,18.12
114,4,8.015,28.85
114,10,14.536,52.33
114,15,13.202,47.53
114,16,5.368,19.32
114,17,5.315,19.13
114,19,1.235,4.45
114,20,1.538,5.54
114,21,0.687,2.47
114,24,13.663,49.19
114,27,14.392,51.81
114,31,5.770,20.77
114,32,12.000,43.20
114,34,19.209,69.15
114,36,18.974,68.31
114,37,21.633,77.88
114,38,24.855,89.48
114,41,11.957,43.04
114,42,10.817,38.94
114,49,39.308,141.51
114,53,8.442,30.39
114,55,6.240,22.46
115,2,5.034,18.12
115,4,8.124,29.24
115,10,14.536,52.33
115,15,13.202,47.53
115,17,5.204,18.74
115,19,1.235,4.45
115,20,1.538,5.54
115,21,0.280,1.01
115,24,13.663,49.19
115,27,14.774,53.19
115,31,5.770,20.77
115,34,19.209,69.15
115,36,18.974,68.31
115,37,21.633,77.88
115,38,24.855,89.48
115,41,11.957,43.04
115,42,10.817,38.94
115,49,39.308,141.51
115,53,8.667,31.20
115,55,6.408,23.07
115,62,30.000,108.00
116,2,5.034,18.12
116,4,8.124,29.24
116,10,14.536,52.33
116,15,13.202,47.53
116,17,5.077,18.28
116,19,1.235,4.45
116,20,1.538,5.54
116,21,0.000,0.00
116,24,13.663,49.19
116,27,15.491,55.77
116,31,5.770,20.77
116,34,19.209,69.15
116,36,18.974,68.31
116,37,21.633,77.88
116,38,24.855,89.48
116,41,11.957,43.04
116,42,10.817,38.94
116,49,39.308,141.51
116,53,8.667,31.20
116,55,5.963,21.47
116,62,30.000,108.00
116,64,34.986,125.95
117,2,5.034,18.12
117,4,8.292,29.85
117,10,14.536,52.33
117,15,13.202,47.53
117,17,5.214,18.77
117,19,1.235,4.45
117,20,1.538,5.54
117,21,0.339,1.22
117,24,13.663,49.19
117,27,15.990,57.57
117,31,5.770,20.77
117,34,0.909,3.27
117,36,18.974,68.31
117,37,21.633,77.88
117,38,24.855,89.48
117,41,11.957,43.04
117,42,10.817,38.94
117,49,39.308,141.51
117,53,8.667,31.20
117,55,5.692,20.49
117,62,30.000,108.00
117,64,31.890,114.81
118,2,5.034,18.12
118,4,8.322,29.96
118,10,14.536,52.33
118,15,13.202,47.53
118,17,5.135,18.48
118,19,1.235,4.45
118,20,1.538,5.54
118,21,0.339,1.22
118,24,13.663,49.19
118,27,16.516,59.46
118,31,5.770,20.77
118,34,0.636,2.29
118,36,18.974,68.31
118,37,21.633,77.88
118,38,24.855,89.48
118,41,11.957,43.04
118,42,10.817,38.94
118,49,39.308,141.51
118,53,8.667,31.20
118,55,6.219,22.39
118,62,30.000,108.00
118,64,43.909,158.07
119,2,5.034,18.12
119,4,8.322,29.96
119,10,14.536,52.33
119,15,13.202,47.53
119,17,5.116,18.42
119,19,1.235,4.45
119,20,1.538,5.54
119,21,0.339,1.22
119,24,13.663,49.19
119,27,16.992,61.17
119,31,5.770,20.77
119,34,0.857,3.09
119,36,1.286,4.63
119,37,21.633,77.88
119,38,24.855,89.48
119,41,11.957,43.04
119,42,10.817,38.94
119,49,39.308,141.51
119,53,8.667,31.20
119,55,6.500,23.40
119,62,30.000,108.00
119,64,43.909,158.07
120,2,5.034,18.12
120,4,8.494,30.58
120,10,14.536,52.33
120,15,13.202,47.53
120,17,5.116,18.42
120,19,1.235,4.45
120,20,1.538,5.54
120,21,0.339,1.22
120,24,13.663,49.19
120,27,17.012,61.24
120,31,5.770,20.77
120,34,0.857,3.09
120,36,0.789,2.84
120,38,24.855,89.48
120,41,11.957,43.04
120,42,10.817,38.94
120,49,39.308,141.51
120,53,8.667,31.20
120,55,6.720,24.19
120,62,30.000,108.00
120,64,43.909,158.07
121,4,8.668,31.20
121,10,14.536,52.33
121,15,13.202,47.53
121,17,5.101,18.36
121,19,1.235,4.45
121,20,1.538,5.54
121,21,0.339,1.22
121,24,13.663,49.19
121,27,17.011,61.24
121,31,5.770,20.77
121,34,0.857,3.09
121,36,1.098,3.95
121,38,24.855,89.48
121,41,11.957,43.04
121,42,10.817,38.94
121,49,39.308,141.51
121,53,8.667,31.20
121,55,6.371,22.94
121,62,30.000,108.00
121,64,43.909,158.07
122,4,8.704,31.33
122,10,14.536,52.33
122,15,13.202,47.53
122,17,4.962,17.86
122,19,1.235,4.45
122,20,1.538,5.54
122,21,0.339,1.22
122,24,13.663,49.19
122,27,17.151,61.75
122,31,5.770,20.77
122,34,0.857,3.09
122,36,1.344,4.84
122,38,24.855,89.48
122,41,11.957,43.04
122,42,10.817,38.94
122,49,39.308,141.51
122,53,8.667,31.20
122,55,5.946,21.41
122,62,30.000,108.00
122,64,43.909,158.07
123,4,8.931,32.15
123,10,14.536,52.33
123,15,13.202,47.53
123,17,4.962,17.86
123,20,1.538,5.54
123,21,0.339,1.22
123,24,13.663,49.19
123,27,17.049,61.38
123,31,5.971,21.50
123,34,0.857,3.09
123,36,1.622,5.84
123,38,24.855,89.48
123,41,11.957,43.04
123,42,10.817,38.94
123,49,39.308,141.51
123,53,8.667,31.20
123,55,6.058,21.81
123,62,30.000,108.00
123,64,43.909,158.07
124,4,8.969,32.29
124,10,14.536,52.33
124,15,13.202,47.53
124,17,5.007,18.03
124,20,1.538,5.54
124,21,0.339,1.22
124,24,13.663,49.19
124,27,17.183,61.86
124,31,5.971,21.50
124,34,0.857,3.09
124,36,2.107,7.58
124,38,24.855,89.48
124,41,11.957,43.04
124,42,10.817,38.94
124,45,4.096,14.75
124,49,39.308,141.51
124,53,8.667,31.20
124,55,6.164,22.19
124,62,30.000,108.00
124,64,43.909,158.07
125,4,9.009,32.43
125,10,14.536,52.33
125,15,13.202,47.53
125,17,5.000,18.00
125,20,1.538,5.54
125,21,0.339,1.22
125,24,13.663,49.19
125,27,17.458,62.85
125,31,5.971,21.50
125,34,0.857,3.09
125,36,2.107,7.58
125,38,24.855,89.48
125,41,11.957,43.04
125,45,3.256,11.72
125,49,39.308,141.51
125,53,8.667,31.20
125,55,6.566,23.64
125,62,30.000,108.00
125,64,43.909,158.07
126,4,9.189,33.08
126,10,14.536,52.33
126,15,13.202,47.53
126,17,4.863,17.51
126,20,1.538,5.54
126,21,0.339,1.22
126,24,13.663,49.19
126,27,17.458,62.85
126,31,5.971,21.50
126,34,0.857,3.09
126,36,2.107,7.58
126,38,24.855,89.48
126,41,11.957,43.04
126,45,2.479,8.92
126,49,39.308,141.51
126,53,8.667,31.20
126,55,6.510,23.44
126,62,30.000,108.00
126,64,43.909,158.07
127,4,9.369,33.73
127,10,14.536,52.33
127,15,13.202,47.53
127,17,4.863,17.51
127,20,1.538,5.54
127,21,0.339,1.22
127,24,13.663,49.19
127,27,17.458,62.85
127,31,5.971,21.50
127,34,0.857,3.09
127,36,2.107,7.58
127,38,24.855,89.48
127,41,11.957,43.04
127,45,1.613,5.81
127,49,39.308,141.51
127,53,8.667,31.20
127,55,6.580,23.69
127,62,30.000,108.00
127,64,43.909,158.07
128,4,9.506,34.22
128,10,14.536,52.33
128,15,13.202,47.53
128,17,4.863,17.51
128,20,1.538,5.54
128,21,0.339,1.22
128,24,13.663,49.19
128,27,17.458,62.85
128,31,5.971,21.50
128,34,0.857,3.09
128,36,2.107,7.58
128,38,24.855,89.48
128,41,11.957,43.04
128,45,0.927,3.34
128,49,39.308,141.51
128,53,8.667,31.20
128,55,6.528,23.50
128,62,30.000,108.00
128,64,43.909,158.07
129,4,9.734,35.04
129,10,14.536,52.33
129,15,13.202,47.53
129,17,4.863,17.51
129,20,1.538,5.54
129,21,0.339,1.22
129,24,13.663,49.19
129,27,17.458,62.85
129,31,5.971,21.50
129,34,0.857,3.09
129,36,2.107,7.58
129,38,24.855,89.48
129,41,11.957,43.04
129,45,0.636,2.29
129,49,39.308,141.51
129,53,8.667,31.20
129,55,6.483,23.34
129,62,30.000,108.00
129,64,43.909,158.07
130,4,9.869,35.53
130,10,14.536,52.33
130,15,13.202,47.53
130,17,4.830,17.39
130,20,1.538,5.54
130,21,0.339,1.22
130,24,13.663,49.19
130,27,17.458,62.85
130,31,5.971,21.50
130,34,0.857,3.09
130,36,2.107,7.58
130,38,24.855,89.48
130,41,11.957,43.04
130,45,0.857,3.09
130,49,39.308,141.51
130,53,8.667,31.20
130,55,6.543,23.55
130,62,30.000,108.00
130,64,43.909,158.07
131,4,9.960,35.86
131,10,14.536,52.33
131,15,13.202,47.53
131,17,4.830,17.39
131,20,1.538,5.54
131,21,0.339,1.22
131,24,13.663,49.19
131,27,17.458,62.85
131,31,5.971,21.50
131,34,0.857,3.09
131,36,2.107,7.58
131,38,4.410,15.88
131,41,11.957,43.04
131,45,1.509,5.43
131,49,39.308,141.51
131,53,8.667,31.20
131,55,6.500,23.40
131,62,30.000,108.00
131,64,43.909,158.07
132,4,10.052,36.19
132,10,14.536,52.33
132,15,13.202,47.53
132,17,4.830,17.39
132,20,1.538,5.54
132,21,0.339,1.22
132,24,13.663,49.19
132,27,17.458,62.85
132,31,5.971,21.50
132,34,0.857,3.09
132,36,2.107,7.58
132,38,4.992,17.97
132,41,11.957,43.04
132,45,1.509,5.43
132,49,39.308,141.51
132,53,1.478,5.32
132,55,6.555,23.60
132,62,30.000,108.00
132,64,43.909,158.07
133,4,10.327,37.18
133,10,14.536,52.33
133,15,13.202,47.53
133,17,4.830,17.39
133,20,1.538,5.54
133,21,0.339,1.22
133,24,13.663,49.19
133,27,17.458,62.85
133,31,5.971,21.50
133,34,0.857,3.09
133,36,2.107,7.58
133,38,5.551,19.98
133,41,11.957,43.04
133,45,1.509,5.43
133,49,39.308,141.51
133,53,1.602,5.77
133,55,6.303,22.69
133,62,30.000,108.00
133,64,43.909,158.07
134,4,10.512,37.84
134,15,13.202,47.53
134,17,4.933,17.76
134,20,1.538,5.54
134,21,0.339,1.22
134,27,17.458,62.85
134,31,5.971,21.50
134,34,0.857,3.09
134,36,2.107,7.58
134,38,6.024,21.69
134,41,11.957,43.04
134,45,1.509,5.43
134,49,39.308,141.51
134,53,1.728,6.22
134,55,6.274,22.58
134,62,30.000,108.00
134,64,43.909,158.07
135,4,10.782,38.82
135,15,13.202,47.53
135,17,4.743,17.08
135,20,1.538,5.54
135,21,0.339,1.22
135,27,17.458,62.85
135,31,5.971,21.50
135,34,0.857,3.09
135,36,2.107,7.58
135,38,6.652,23.95
135,41,11.957,43.04
135,45,1.509,5.43
135,49,39.308,141.51
135,53,1.851,6.66
135,55,6.050,21.78
135,62,30.000,108.00
135,64,43.909,158.07
136,4,10.925,39.33
136,15,13.202,47.53
136,17,4.743,17.08
136,21,0.339,1.22
136,27,17.458,62.85
136,31,5.971,21.50
136,34,0.857,3.09
136,36,2.107,7.58
136,38,7.142,25.71
136,41,11.957,43.04
136,45,1.509,5.43
136,49,39.308,141.51
136,53,2.236,8.05
136,55,6.050,21.78
136,62,30.000,108.00
136,64,43.909,158.07
136,68,6.000,21.60
137,4,11.110,40.00
137,15,13.202,47.53
137,17,4.745,17.08
137,21,0.339,1.22
137,27,17.458,62.85
137,31,5.971,21.50
137,34,0.857,3.09
137,36,2.107,7.58
137,38,7.722,27.80
137,41,11.957,43.04
137,45,1.509,5.43
137,49,39.308,141.51
137,53,2.339,8.42
137,55,6.050,21.78
137,62,30.000,108.00
137,64,43.909,158.07
137,68,6.000,21.60
138,4,11.297,40.67
138,17,4.745,17.08
138,21,0.339,1.22
138,27,17.458,62.85
138,31,5.971,21.50
138,34,0.857,3.09
138,36,2.107,7.58
138,38,8.278,29.80
138,41,11.957,43.04
138,45,1.509,5.43
138,49,39.308,141.51
138,53,2.612,9.40
138,55,6.050,21.78
138,62,30.000,108.00
138,64,43.909,158.07
138,68,6.325,22.77
139,4,11.617,41.82
139,17,4.754,17.11
139,21,0.339,1.22
139,27,17.458,62.85
139,31,5.971,21.50
139,34,0.857,3.09
139,36,2.107,7.58
139,38,8.871,31.94
139,41,11.957,43.04
139,45,1.509,5.43
139,53,2.612,9.40
139,55,5.641,20.31
139,62,30.000,108.00
139,64,43.909,158.07
139,68,4.500,16.20
140,4,11.885,42.79
140,17,4.767,17.16
140,21,0.339,1.22
140,27,17.458,62.85
140,31,5.971,21.50
140,34,0.857,3.09
140,36,2.107,7.58
140,38,9.383,33.78
140,41,11.957,43.04
140,45,1.509,5.43
140,53,2.851,10.26
140,55,5.641,20.31
140,62,30.000,108.00
140,64,43.909,158.07
140,68,2.683,9.66
141,4,12.112,43.60
141,17,4.835,17.41
141,21,0.339,1.22
141,27,17.458,62.85
141,31,5.971,21.50
141,34,0.857,3.09
141,36,2.107,7.58
141,38,10.133,36.48
141,41,11.957,43.04
141,45,1.509,5.43
141,53,3.152,11.35
141,55,5.641,20.31
141,62,30.000,108.00
141,64,43.909,158.07
141,68,5.385,19.39
142,4,12.446,44.81
142,17,4.852,17.47
142,21,0.339,1.22
142,27,17.458,62.85
142,31,5.971,21.50
142,34,0.857,3.09
142,36,2.107,7.58
142,38,10.659,38.37
142,41,11.957,43.04
142,45,1.509,5.43
142,53,3.436,12.37
142,55,5.641,20.31
142,60,5.532,19.91
142,62,30.000,108.00
142,64,43.909,158.07
142,68,6.528,23.50
143,4,12.634,45.48
143,17,4.873,17.54
143,21,0.339,1.22
143,27,17.458,62.85
143,31,5.971,21.50
143,34,0.857,3.09
143,36,2.107,7.58
143,38,10.659,38.37
143,41,11.957,43.04
143,45,1.509,5.43
143,53,3.493,12.58
143,55,5.641,20.31
143,60,3.971,14.30
143,62,30.000,108.00
143,64,43.909,158.07
143,68,6.408,23.07
144,4,12.993,46.78
144,17,4.824,17.36
144,21,0.339,1.22
144,27,17.458,62.85
144,31,5.971,21.50
144,34,0.857,3.09
144,36,2.107,7.58
144,38,10.659,38.37
144,41,11.957,43.04
144,45,1.509,5.43
144,53,3.401,12.24
144,55,5.641,20.31
144,60,2.523,9.08
144,62,30.000,108.00
144,64,43.909,158.07
144,68,6.408,23.07
145,4,13.408,48.27
145,17,4.873,17.54
145,21,0.339,1.22
145,27,17.458,62.85
145,31,5.971,21.50
145,34,0.857,3.09
145,36,2.107,7.58
145,38,10.659,38.37
145,45,1.509,5.43
145,53,3.401,12.24
145,55,5.492,19.77
145,60,0.979,3.52
145,62,30.000,108.00
145,64,43.909,158.07
145,68,5.532,19.91
146,4,13.691,49.29
146,17,4.824,17.36
146,21,0.339,1.22
146,27,17.458,62.85
146,31,5.971,21.50
146,34,0.857,3.09
146,36,2.107,7.58
146,38,10.659,38.37
146,45,1.509,5.43
146,53,3.705,13.34
146,55,5.838,21.02
146,60,0.176,0.64
146,64,43.909,158.07
146,68,5.695,20.50
147,4,14.144,50.92
147,17,4.729,17.02
147,21,0.339,1.22
147,27,17.458,62.85
147,31,5.971,21.50
147,34,0.857,3.09
147,36,2.107,7.58
147,38,10.659,38.37
147,45,1.509,5.43
147,53,3.888,14.00
147,55,5.692,20.49
147,60,0.970,3.49
147,64,43.909,158.07
147,68,5.220,18.79
148,4,14.371,51.74
148,17,4.802,17.29
148,27,17.458,62.85
148,31,5.971,21.50
148,34,0.857,3.09
148,36,2.107,7.58
148,38,10.659,38.37
148,45,1.509,5.43
148,53,3.931,14.15
148,55,5.692,20.49
148,60,1.900,6.84
148,64,43.909,158.07
148,68,4.707,16.94
149,4,14.786,53.23
149,17,4.832,17.40
149,27,17.458,62.85
149,31,5.971,21.50
149,34,0.857,3.09
149,36,2.107,7.58
149,38,10.659,38.37
149,45,1.509,5.43
149,53,4.018,14.46
149,55,5.557,20.00
149,60,2.660,9.57
149,64,0.353,1.27
149,68,4.792,17.25
150,4,15.278,55.00
150,17,4.789,17.24
150,27,17.458,62.85
150,31,5.971,21.50
150,36,2.107,7.58
150,38,10.659,38.37
150,45,1.509,5.43
150,53,4.229,15.23
150,55,5.560,20.02
150,60,2.660,9.57
150,64,0.767,2.76
150,68,4.792,17.25
151,4,15.655,56.36
151,17,4.907,17.67
151,27,17.458,62.85
151,31,5.971,21.50
151,36,2.107,7.58
151,38,10.659,38.37
151,45,1.509,5.43
151,53,4.260,15.34
151,55,5.560,20.02
151,60,2.660,9.57
151,64,1.537,5.53
151,68,4.516,16.26
152,4,15.902,57.25
152,17,4.824,17.36
152,27,17.458,62.85
152,31,5.971,21.50
152,36,2.107,7.58
152,38,10.659,38.37
152,45,1.509,5.43
152,53,4.336,15.61
152,55,5.560,20.02
152,60,2.660,9.57
152,64,1.537,5.53
152,68,4.250,15.30
152,71,3.000,10.80
153,4,16.581,59.69
153,17,4.861,17.50
153,27,17.458,62.85
153,31,5.971,21.50
153,36,2.107,7.58
153,38,10.659,38.37
153,45,1.509,5.43
153,53,4.528,16.30
153,55,5.560,20.02
153,60,2.660,9.57
153,64,1.537,5.53
153,68,4.384,15.78
153,71,2.000,7.20
154,4,16.997,61.19
154,17,4.861,17.50
154,27,17.458,62.85
154,36,2.107,7.58
154,38,10.659,38.37
154,45,1.509,5.43
154,53,4.550,16.38
154,55,5.560,20.02
154,60,2.660,9.57
154,64,1.537,5.53
154,68,4.384,15.78
154,71,0.000,0.00
155,4,17.414,62.69
155,17,5.017,18.06
155,27,17.458,62.85
155,38,10.659,38.37
155,45,1.509,5.43
155,53,4.616,16.62
155,55,5.560,20.02
155,60,2.660,9.57
155,64,1.537,5.53
155,68,4.384,15.78
155,71,0.000,0.00
155,72,0.000,0.00
156,4,18.093,65.13
156,17,5.059,18.21
156,38,10.659,38.37
156,45,1.509,5.43
156,53,4.635,16.69
156,55,5.560,20.02
156,60,2.660,9.57
156,64,1.537,5.53
156,68,4.384,15.78
156,71,0.000,0.00
156,72,0.000,0.00
156,73,0.000,0.00
157,4,18.604,66.97
157,17,5.024,18.09
157,38,10.659,38.37
157,45,1.509,5.43
157,53,4.654,16.75
157,55,5.560,20.02
157,60,2.660,9.57
157,64,1.537,5.53
157,68,4.384,15.78
157,71,0.000,0.00
157,72,0.000,0.00
157,73,3.000,10.80
158,4,18.867,67.92
158,17,5.232,18.83
158,38,10.659,38.37
158,45,1.509,5.43
158,53,4.821,17.36
158,55,5.560,20.02
158,60,2.660,9.57
158,64,1.537,5.53
158,68,4.384,15.78
158,71,0.000,0.00
158,72,0.000,0.00
158,73,4.472,16.10
159,4,19.056,68.60
159,17,5.282,19.02
159,38,10.659,38.37
159,45,1.509,5.43
159,53,4.877,17.56
159,55,5.560,20.02
159,60,2.660,9.57
159,64,1.537,5.53
159,68,4.384,15.78
159,71,0.000,0.00
159,72,0.000,0.00
159,73,5.408,19.47
160,4,19.338,69.62
160,17,5.282,19.02
160,38,10.659,38.37
160,45,1.509,5.43
160,53,4.890,17.60
160,55,5.560,20.02
160,60,2.660,9.57
160,64,1.537,5.53
160,68,4.384,15.78
160,71,0.000,0.00
160,72,0.000,0.00
160,73,5.408,19.47
160,74,6.000,21.60
161,4,19.565,70.43
161,17,5.335,19.21
161,38,10.659,38.37
161,45,1.509,5.43
161,53,5.044,18.16
161,55,5.560,20.02
161,60,2.660,9.57
161,64,1.537,5.53
161,68,4.384,15.78
161,71,0.000,0.00
161,72,0.000,0.00
161,73,5.408,19.47
161,74,4.243,15.27
162,4,19.792,71.25
162,17,5.335,19.21
162,38,10.659,38.37
162,53,5.054,18.19
162,55,5.560,20.02
162,60,2.660,9.57
162,64,1.537,5.53
162,68,4.384,15.78
162,71,0.000,0.00
162,72,0.000,0.00
162,73,5.408,19.47
162,74,4.000,14.40
163,4,19.792,71.25
163,17,5.476,19.71
163,38,10.659,38.37
163,53,5.200,18.72
163,55,5.560,20.02
163,60,2.660,9.57
163,64,1.537,5.53
163,68,4.384,15.78
163,71,0.000,0.00
163,72,0.000,0.00
163,73,5.408,19.47
163,74,4.743,17.08
164,4,19.792,71.25
164,17,5.428,19.54
164,38,6.699,24.12
164,53,5.206,18.74
164,55,5.560,20.02
164,60,2.660,9.57
164,64,1.537,5.53
164,68,4.384,15.78
164,71,0.000,0.00
164,72,0.000,0.00
164,73,5.408,19.47
164,74,6.119,22.03
165,4,19.792,71.25
165,17,5.428,19.54
165,38,7.185,25.86
165,53,5.250,18.90
165,55,5.560,20.02
165,60,2.660,9.57
165,64,1.537,5.53
165,68,4.384,15.78
165,71,0.000,0.00
165,72,0.000,0.00
165,73,5.408,19.47
165,74,6.119,22.03
165,75,0.000,0.00
166,4,19.792,71.25
166,17,5.428,19.54
166,38,7.320,26.35
166,53,5.255,18.92
166,55,5.560,20.02
166,60,2.660,9.57
166,64,1.537,5.53
166,68,4.384,15.78
166,71,0.000,0.00
166,72,0.000,0.00
166,73,5.408,19.47
166,74,6.119,22.03
166,75,0.000,0.00
166,76,0.000,0.00
167,4,19.792,71.25
167,17,5.599,20.16
167,38,7.320,26.35
167,53,5.388,19.40
167,55,5.560,20.02
167,60,2.660,9.57
167,64,1.537,5.53
167,68,4.384,15.78
167,71,0.000,0.00
167,72,0.000,0.00
167,73,5.408,19.47
167,74,6.119,22.03
167,75,0.000,0.00
167,76,0.000,0.00
167,77,0.000,0.00
168,4,19.792,71.25
168,17,5.760,20.74
168,38,7.320,26.35
168,53,5.392,19.41
168,55,5.560,20.02
168,60,2.660,9.57
168,64,1.537,5.53
168,68,4.384,15.78
168,71,0.000,0.00
168,72,0.000,0.00
168,73,5.408,19.47
168,74,6.119,22.03
168,75,0.000,0.00
168,76,0.000,0.00
168,77,3.000,10.80
168,78,12.000,43.20
169,4,19.792,71.25
169,17,5.821,20.96
169,38,7.320,26.35
169,53,5.465,19.67
169,55,5.560,20.02
169,60,2.660,9.57
169,64,1.537,5.53
169,68,4.384,15.78
169,71,0.000,0.00
169,72,0.000,0.00
169,73,5.408,19.47
169,74,6.119,22.03
169,75,0.000,0.00
169,76,0.000,0.00
169,77,4.472,16.10
169,78,9.487,34.15
170,4,19.792,71.25
170,17,5.966,21.48
170,38,7.320,26.35
170,53,5.467,19.68
170,55,5.560,20.02
170,60,2.660,9.57
170,64,1.537,5.53
170,68,4.384,15.78
170,71,0.000,0.00
170,72,0.000,0.00
170,73,5.408,19.47
170,74,6.119,22.03
170,75,0.000,0.00
170,76,0.000,0.00
170,77,7.500,27.00
170,78,8.000,28.80
171,4,19.792,71.25
171,17,5.867,21.12
171,38,7.320,26.35
171,53,5.468,19.68
171,55,5.560,20.02
171,60,2.660,9.57
171,64,1.537,5.53
171,68,4.384,15.78
171,71,0.000,0.00
171,72,0.000,0.00
171,73,5.408,19.47
171,74,6.119,22.03
171,75,0.000,0.00
171,76,0.000,0.00
171,77,7.500,27.00
171,78,7.649,27.53
172,4,19.792,71.25
172,17,5.867,21.12
172,38,7.320,26.35
172,53,5.554,20.00
172,55,5.560,20.02
172,60,2.660,9.57
172,64,1.537,5.53
172,68,4.384,15.78
172,71,0.000,0.00
172,72,0.000,0.00
172,73,5.408,19.47
172,74,6.119,22.03
172,75,0.000,0.00
172,76,0.000,0.00
172,77,6.000,21.60
172,78,7.589,27.32
173,4,19.792,71.25
173,17,6.001,21.60
173,38,7.320,26.35
173,53,5.588,20.12
173,55,5.560,20.02
173,60,2.660,9.57
173,64,1.537,5.53
173,68,4.384,15.78
173,71,0.000,0.00
173,72,0.000,0.00
173,73,5.408,19.47
173,74,6.119,22.03
173,75,0.000,0.00
173,76,0.000,0.00
173,77,6.061,21.82
173,78,8.246,29.69
174,4,19.792,71.25
174,17,6.179,22.24
174,38,7.320,26.35
174,53,5.588,20.12
174,55,5.560,20.02
174,60,2.660,9.57
174,64,1.537,5.53
174,68,4.384,15.78
174,70,0.000,0.00
174,71,0.000,0.00
174,72,0.000,0.00
174,73,5.408,19.47
174,74,6.119,22.03
174,75,0.000,0.00
174,76,0.000,0.00
174,77,4.743,17.08
174,78,7.902,28.45
175,4,19.792,71.25
175,17,6.234,22.44
175,38,7.320,26.35
175,53,5.588,20.12
175,55,3.432,12.36
175,60,2.660,9.57
175,64,1.537,5.53
175,68,4.384,15.78
175,70,0.000,0.00
175,71,0.000,0.00
175,72,0.000,0.00
175,73,5.408,19.47
175,74,6.119,22.03
175,75,0.000,0.00
175,76,0.000,0.00
175,77,5.077,18.28
175,78,7.902,28.45
176,4,19.792,71.25
176,17,6.305,22.70
176,38,7.320,26.35
176,53,5.588,20.12
176,55,3.548,12.77
176,60,2.660,9.57
176,64,1.537,5.53
176,68,4.384,15.78
176,70,0.000,0.00
176,71,0.000,0.00
176,72,0.000,0.00
176,73,5.408,19.47
176,74,6.119,22.03
176,75,0.000,0.00
176,76,0.000,0.00
176,77,5.532,19.91
176,78,8.246,29.69
177,4,19.792,71.25
177,17,6.467,23.28
177,38,7.320,26.35
177,53,5.588,20.12
177,55,3.548,12.77
177,60,2.660,9.57
177,64,1.537,5.53
177,68,1.720,6.19
177,70,0.000,0.00
177,71,0.000,0.00
177,72,0.000,0.00
177,73,5.408,19.47
177,74,6.119,22.03
177,75,0.000,0.00
177,76,0.000,0.00
177,77,4.398,15.83
177,78,8.246,29.69
178,4,19.792,71.25
178,17,6.551,23.58
178,38,7.320,26.35
178,53,5.588,20.12
178,55,3.548,12.77
178,60,2.660,9.57
178,64,1.537,5.53
178,68,1.958,7.05
178,70,0.000,0.00
178,71,0.000,0.00
178,72,0.000,0.00
178,73,5.408,19.47
178,74,6.119,22.03
178,75,0.000,0.00
178,76,0.000,0.00
178,77,4.398,15.83
178,78,8.246,29.69
178,80,6.708,24.15
179,4,19.792,71.25
179,17,6.626,23.85
179,38,7.320,26.35
179,53,5.588,20.12
179,55,3.548,12.77
179,60,2.660,9.57
179,64,1.537,5.53
179,68,1.958,7.05
179,70,0.000,0.00
179,71,0.000,0.00
179,72,0.339,1.22
179,73,5.408,19.47
179,74,6.119,22.03
179,75,0.000,0.00
179,76,0.000,0.00
179,77,4.398,15.83
179,78,8.246,29.69
179,80,8.000,28.80
180,4,19.792,71.25
180,17,6.626,23.85
180,38,7.320,26.35
180,53,5.588,20.12
180,55,3.548,12.77
180,64,1.537,5.53
180,68,1.958,7.05
180,70,0.000,0.00
180,71,0.000,0.00
180,72,0.326,1.17
180,73,5.408,19.47
180,74,6.119,22.03
180,75,0.000,0.00
180,76,0.000,0.00
180,77,4.398,15.83
180,78,8.246,29.69
180,79,2.121,7.64
180,80,6.000,21.60
180,81,6.000,21.60
181,4,19.792,71.25
181,17,6.626,23.85
181,38,7.320,26.35
181,53,5.588,20.12
181,55,3.548,12.77
181,64,1.537,5.53
181,68,1.958,7.05
181,70,0.000,0.00
181,71,0.000,0.00
181,72,0.497,1.79
181,73,5.408,19.47
181,74,6.119,22.03
181,75,0.000,0.00
181,76,0.000,0.00
181,77,4.398,15.83
181,78,8.420,30.31
181,79,3.600,12.96
181,80,4.800,17.28
181,81,3.000,10.80
182,4,19.792,71.25
182,17,6.600,23.76
182,38,7.320,26.35
182,53,5.588,20.12
182,55,3.548,12.77
182,68,1.958,7.05
182,70,0.000,0.00
182,71,0.000,0.00
182,72,0.643,2.31
182,73,5.408,19.47
182,74,6.119,22.03
182,75,0.000,0.00
182,76,0.000,0.00
182,77,4.398,15.83
182,78,8.246,29.69
182,79,4.000,14.40
182,80,4.000,14.40
182,81,2.828,10.18
183,4,6.618,23.82
183,17,6.588,23.72
183,38,7.320,26.35
183,53,5.588,20.12
183,55,3.548,12.77
183,68,1.958,7.05
183,70,0.000,0.00
183,71,0.000,0.00
183,72,0.643,2.31
183,73,0.857,3.09
183,74,6.119,22.03
183,75,0.000,0.00
183,76,0.000,0.00
183,77,4.398,15.83
183,78,8.246,29.69
183,79,4.000,14.40
183,80,4.616,16.62
183,81,2.828,10.18
184,4,6.787,24.43
184,17,6.588,23.72
184,38,7.320,26.35
184,53,5.588,20.12
184,55,3.548,12.77
184,68,1.958,7.05
184,70,0.000,0.00
184,71,0.000,0.00
184,72,0.643,2.31
184,73,0.857,3.09
184,74,6.119,22.03
184,75,0.000,0.00
184,76,0.000,0.00
184,77,4.398,15.83
184,78,8.389,30.20
184,79,4.000,14.40
184,80,3.824,13.77
184,81,2.828,10.18
185,4,6.827,24.58
185,17,6.588,23.72
185,38,7.320,26.35
185,53,5.588,20.12
185,55,3.548,12.77
185,68,1.958,7.05
185,70,0.000,0.00
185,72,0.643,2.31
185,73,1.217,4.38
185,74,6.119,22.03
185,75,0.000,0.00
185,76,0.000,0.00
185,77,4.398,15.83
185,78,8.333,30.00
185,79,4.000,14.40
185,80,3.399,12.24
185,81,13.601,48.97
186,4,6.787,24.43
186,17,6.588,23.72
186,38,7.320,26.35
186,53,5.588,20.12
186,55,3.548,12.77
186,68,1.958,7.05
186,70,0.000,0.00
186,72,0.643,2.31
186,73,1.409,5.07
186,74,6.119,22.03
186,75,0.000,0.00
186,76,0.000,0.00
186,77,4.398,15.83
186,78,8.590,30.93
186,79,4.000,14.40
186,80,3.399,12.24
186,81,11.658,41.97
187,4,6.956,25.04
187,17,6.588,23.72
187,38,7.320,26.35
187,53,5.588,20.12
187,55,3.548,12.77
187,68,1.958,7.05
187,70,0.000,0.00
187,72,0.643,2.31
187,73,1.546,5.57
187,74,6.119,22.03
187,75,0.000,0.00
187,76,0.000,0.00
187,77,4.398,15.83
187,78,8.448,30.41
187,79,4.000,14.40
187,80,3.399,12.24
187,81,6.708,24.15
188,4,7.060,25.42
188,17,6.588,23.72
188,38,7.320,26.35
188,53,5.588,20.12
188,55,3.548,12.77
188,68,1.958,7.05
188,70,0.000,0.00
188,72,0.643,2.31
188,73,1.676,6.03
188,74,6.119,22.03
188,75,0.000,0.00
188,76,0.000,0.00
188,77,4.398,15.83
188,78,8.320,29.95
188,79,4.000,14.40
188,80,3.399,12.24
188,81,6.708,24.15
188,82,6.708,24.15
189,4,7.190,25.88
189,17,6.588,23.72
189,38,7.320,26.35
189,53,5.588,20.12
189,55,3.548,12.77
189,68,1.958,7.05
189,70,0.000,0.00
189,72,0.643,2.31
189,73,1.676,6.03
189,74,1.020,3.67
189,75,0.000,0.00
189,76,0.000,0.00
189,77,4.398,15.83
189,78,8.281,29.81
189,79,4.000,14.40
189,80,3.721,13.40
189,81,6.708,24.15
189,82,6.000,21.60
189,83,6.000,21.60
190,4,7.270,26.17
190,17,6.588,23.72
190,38,7.320,26.35
190,53,5.588,20.12
190,55,3.548,12.77
190,68,1.958,7.05
190,70,0.000,0.00
190,72,0.643,2.31
190,73,1.676,6.03
190,74,1.020,3.67
190,75,0.000,0.00
190,76,0.240,0.86
190,77,4.398,15.83
190,78,8.249,29.70
190,79,6.694,24.10
190,80,3.951,14.22
190,81,6.708,24.15
190,82,6.000,21.60
190,83,6.000,21.60
191,4,7.439,26.78
191,17,6.588,23.72
191,38,7.320,26.35
191,53,5.588,20.12
191,55,3.548,12.77
191,68,1.958,7.05
191,70,0.000,0.00
191,72,0.643,2.31
191,73,1.676,6.03
191,74,1.020,3.67
191,75,0.000,0.00
191,76,0.326,1.17
191,77,4.398,15.83
191,78,8.459,30.45
191,79,5.946,21.41
191,80,4.079,14.69
191,81,6.708,24.15
191,82,6.000,21.60
191,83,6.000,21.60
192,4,7.439,26.78
192,17,6.588,23.72
192,38,7.320,26.35
192,53,5.588,20.12
192,55,3.548,12.77
192,68,1.958,7.05
192,70,0.000,0.00
192,72,0.643,2.31
192,73,1.676,6.03
192,74,1.020,3.67
192,75,0.000,0.00
192,76,0.444,1.60
192,77,4.398,15.83
192,78,8.348,30.05
192,79,5.946,21.41
192,80,4.276,15.39
192,81,6.708,24.15
192,82,6.000,21.60
192,83,6.708,24.15
193,4,7.543,27.16
193,17,6.588,23.72
193,38,7.320,26.35
193,53,5.588,20.12
193,55,3.548,12.77
193,68,1.958,7.05
193,70,0.000,0.00
193,72,0.643,2.31
193,73,1.676,6.03
193,74,1.020,3.67
193,75,0.000,0.00
193,76,0.678,2.44
193,77,4.398,15.83
193,78,8.321,29.95
193,79,5.946,21.41
193,80,4.276,15.39
193,81,6.708,24.15
193,82,6.000,21.60
193,83,6.708,24.15
193,84,8.485,30.55
194,4,7.584,27.30
194,17,6.588,23.72
194,38,7.320,26.35
194,53,5.588,20.12
194,55,3.548,12.77
194,68,1.958,7.05
194,70,0.000,0.00
194,72,0.643,2.31
194,73,1.676,6.03
194,74,1.020,3.67
194,75,0.000,0.00
194,76,0.853,3.07
194,77,4.398,15.83
194,78,8.222,29.60
194,79,6.616,23.82
194,80,4.276,15.39
194,81,6.708,24.15
194,82,6.000,21.60
194,83,6.708,24.15
194,84,8.485,30.55
195,4,7.753,27.91
195,17,6.588,23.72
195,38,7.320,26.35
195,53,5.588,20.12
195,55,3.548,12.77
195,68,1.958,7.05
195,70,0.000,0.00
195,72,0.643,2.31
195,73,1.676,6.03
195,74,1.020,3.67
195,75,0.000,0.00
195,76,0.853,3.07
195,77,4.398,15.83
195,78,8.404,30.25
195,79,4.554,16.40
195,80,4.276,15.39
195,81,6.708,24.15
195,82,6.000,21.60
195,83,6.708,24.15
195,84,8.485,30.55
196,4,7.858,28.29
196,17,6.588,23.72
196,38,7.320,26.35
196,53,5.588,20.12
196,55,3.548,12.77
196,68,1.958,7.05
196,70,0.000,0.00
196,72,0.643,2.31
196,73,1.676,6.03
196,74,1.020,3.67
196,76,0.853,3.07
196,77,4.398,15.83
196,78,8.309,29.91
196,79,4.554,16.40
196,80,4.276,15.39
196,81,6.708,24.15
196,82,6.000,21.60
196,83,6.708,24.15
196,84,8.485,30.55
197,4,7.899,28.44
197,17,6.588,23.72
197,53,5.588,20.12
197,55,3.548,12.77
197,68,1.958,7.05
197,70,0.000,0.00
197,72,0.643,2.31
197,73,1.676,6.03
197,74,1.020,3.67
197,76,0.853,3.07
197,77,4.398,15.83
197,78,8.476,30.51
197,79,4.554,16.40
197,80,4.276,15.39
197,81,6.708,24.15
197,82,6.000,21.60
197,83,6.708,24.15
197,84,8.485,30.55
198,4,8.089,29.12
198,17,6.588,23.72
198,53,5.588,20.12
198,55,3.548,12.77
198,68,1.958,7.05
198,70,0.000,0.00
198,72,0.643,2.31
198,73,1.676,6.03
198,74,1.020,3.67
198,76,0.853,3.07
198,77,1.428,5.14
198,78,8.385,30.19
198,79,4.554,16.40
198,80,4.276,15.39
198,81,6.708,24.15
198,82,6.000,21.60
198,83,7.518,27.06
198,84,8.485,30.55
199,4,8.195,29.50
199,17,6.588,23.72
199,53,5.588,20.12
199,55,3.548,12.77
199,68,1.958,7.05
199,70,0.000,0.00
199,72,0.643,2.31
199,73,1.676,6.03
199,74,1.020,3.67
199,76,0.853,3.07
199,77,1.428,5.14
199,78,8.301,29.88
199,79,4.554,16.40
199,80,4.276,15.39
199,81,6.708,24.15
199,82,6.000,21.60
199,83,7.518,27.06
199,84,8.485,30.55
200,4,8.406,30.26
200,17,6.588,23.72
200,53,5.588,20.12
200,55,3.548,12.77
200,68,1.958,7.05
200,70,0.000,0.00
200,72,0.643,2.31
200,73,1.676,6.03
200,74,1.020,3.67
200,76,0.853,3.07
200,77,1.428,5.14
200,78,8.452,30.43
200,79,4.554,16.40
200,80,4.276,15.39
200,81,6.708,24.15
200,82,6.000,21.60
200,83,7.518,27.06
200,84,8.485,30.55
201,4,8.450,30.42
201,17,6.588,23.72
201,53,5.588,20.12
201,55,3.548,12.77
201,68,1.958,7.05
201,70,0.000,0.00
201,72,0.643,2.31
201,73,1.676,6.03
201,74,1.020,3.67
201,76,0.853,3.07
201,77,1.428,5.14
201,78,8.428,30.34
201,79,4.554,16.40
201,80,4.276,15.39
201,81,6.708,24.15
201,82,6.000,21.60
201,83,7.518,27.06
201,84,8.485,30.55
202,4,8.617,31.02
202,17,6.588,23.72
202,53,5.588,20.12
202,55,3.548,12.77
202,68,1.958,7.05
202,70,0.000,0.00
202,72,0.643,2.31
202,73,1.676,6.03
202,74,1.020,3.67
202,76,0.853,3.07
202,77,1.428,5.14
202,78,8.349,30.06
202,79,4.554,16.40
202,80,4.276,15.39
202,81,6.708,24.15
202,82,6.000,21.60
202,83,7.029,25.30
202,84,3.650,13.14
203,4,8.661,31.18
203,17,6.588,23.72
203,53,5.588,20.12
203,55,3.548,12.77
203,68,1.958,7.05
203,70,0.000,0.00
203,72,0.643,2.31
203,73,1.676,6.03
203,74,1.020,3.67
203,76,0.853,3.07
203,77,1.428,5.14
203,78,8.275,29.79
203,79,4.554,16.40
203,80,4.276,15.39
203,81,6.708,24.15
203,82,6.000,21.60
203,83,7.029,25.30
203,84,3.650,13.14
204,4,8.811,31.72
204,17,6.588,23.72
204,55,3.548,12.77
204,68,1.958,7.05
204,70,0.000,0.00
204,72,0.643,2.31
204,73,1.676,6.03
204,74,1.020,3.67
204,76,0.853,3.07
204,77,1.428,5.14
204,78,8.411,30.28
204,79,4.554,16.40
204,80,4.276,15.39
204,81,6.708,24.15
204,82,6.000,21.60
204,83,7.029,25.30
204,84,3.650,13.14
205,4,8.962,32.26
205,17,6.588,23.72
205,55,3.548,12.77
205,68,1.958,7.05
205,72,0.643,2.31
205,73,1.676,6.03
205,74,1.020,3.67
205,76,0.853,3.07
205,77,1.428,5.14
205,78,8.339,30.02
205,79,4.554,16.40
205,80,4.276,15.39
205,81,6.708,24.15
205,82,6.000,21.60
205,83,7.029,25.30
205,84,3.721,13.40
206,4,9.114,32.81
206,17,6.588,23.72
206,55,3.548,12.77
206,68,1.958,7.05
206,72,0.643,2.31
206,73,1.676,6.03
206,74,1.020,3.67
206,76,0.853,3.07
206,77,1.428,5.14
206,78,8.466,30.48
206,79,4.554,16.40
206,80,4.276,15.39
206,81,6.708,24.15
206,82,6.000,21.60
206,83,7.029,25.30
206,84,3.721,13.40
206,85,8.485,30.55
207,4,9.281,33.41
207,17,6.588,23.72
207,68,1.958,7.05
207,72,0.643,2.31
207,73,1.676,6.03
207,74,1.020,3.67
207,76,0.853,3.07
207,77,1.428,5.14
207,78,8.396,30.23
207,79,4.554,16.40
207,80,4.276,15.39
207,81,6.708,24.15
207,82,6.000,21.60
207,83,7.029,25.30
207,84,3.600,12.96
207,85,8.485,30.55
208,4,9.494,34.18
208,17,6.588,23.72
208,68,1.958,7.05
208,72,0.643,2.31
208,73,1.676,6.03
208,74,1.020,3.67
208,76,0.853,3.07
208,77,1.428,5.14
208,78,8.377,30.16
208,79,4.554,16.40
208,80,4.276,15.39
208,81,6.708,24.15
208,82,6.000,21.60
208,83,7.029,25.30
208,84,3.769,13.57
208,85,7.211,25.96
209,4,9.632,34.68
209,17,6.588,23.72
209,72,0.643,2.31
209,73,1.676,6.03
209,74,1.020,3.67
209,76,0.853,3.07
209,77,1.428,5.14
209,78,8.313,29.93
209,79,4.554,16.40
209,80,4.276,15.39
209,81,6.708,24.15
209,82,6.000,21.60
209,83,7.029,25.30
209,84,3.547,12.77
209,85,7.211,25.96
210,4,9.739,35.06
210,17,6.588,23.72
210,72,0.643,2.31
210,73,1.676,6.03
210,74,1.020,3.67
210,76,0.853,3.07
210,77,1.428,5.14
210,78,8.384,30.18
210,79,4.554,16.40
210,80,4.276,15.39
210,81,6.708,24.15
210,82,6.000,21.60
210,83,7.029,25.30
210,84,3.727,13.42
210,85,7.211,25.96
211,4,9.940,35.78
211,17,6.588,23.72
211,72,0.643,2.31
211,73,1.676,6.03
211,74,1.020,3.67
211,76,0.853,3.07
211,77,1.428,5.14
211,78,8.323,29.96
211,79,4.554,16.40
211,80,4.276,15.39
211,81,6.708,24.15
211,82,6.000,21.60
211,83,7.029,25.30
211,84,3.727,13.42
211,85,7.211,25.96
212,4,10.153,36.55
212,17,6.588,23.72
212,72,0.643,2.31
212,73,1.676,6.03
212,74,1.020,3.67
212,76,0.853,3.07
212,77,1.428,5.14
212,78,8.306,29.90
212,79,4.554,16.40
212,80,4.276,15.39
212,81,6.708,24.15
212,82,6.000,21.60
212,83,7.029,25.30
212,84,3.727,13.42
212,85,7.211,25.96
213,4,10.308,37.11
213,17,6.588,23.72
213,73,1.676,6.03
213,74,1.020,3.67
213,76,0.853,3.07
213,77,1.428,5.14
213,78,8.306,29.90
213,79,4.554,16.40
213,80,4.276,15.39
213,81,6.708,24.15
213,82,6.000,21.60
213,83,7.029,25.30
213,84,4.010,14.44
213,85,7.387,26.59
214,4,10.629,38.26
214,73,1.676,6.03
214,74,1.020,3.67
214,76,0.853,3.07
214,77,1.428,5.14
214,78,8.317,29.94
214,79,4.554,16.40
214,80,4.276,15.39
214,81,6.708,24.15
214,82,6.000,21.60
214,83,7.029,25.30
214,84,3.905,14.06
214,85,7.180,25.85
215,4,10.775,38.79
215,73,1.676,6.03
215,74,1.020,3.67
215,76,0.853,3.07
215,77,1.428,5.14
215,78,8.262,29.74
215,79,4.554,16.40
215,80,4.276,15.39
215,81,6.708,24.15
215,82,6.000,21.60
215,83,7.029,25.30
215,84,3.948,14.21
215,85,7.023,25.28
216,4,10.882,39.18
216,73,1.676,6.03
216,74,1.020,3.67
216,76,0.853,3.07
216,77,1.428,5.14
216,78,8.364,30.11
216,79,4.554,16.40
216,80,4.276,15.39
216,81,6.708,24.15
216,82,6.000,21.60
216,83,7.029,25.30
216,84,3.824,13.77
216,85,6.900,24.84
217,4,10.940,39.38
217,73,1.676,6.03
217,74,1.020,3.67
217,76,0.853,3.07
217,77,1.428,5.14
217,78,8.311,29.92
217,79,2.526,9.09
217,80,4.276,15.39
217,81,6.708,24.15
217,82,6.000,21.60
217,83,7.029,25.30
217,84,3.907,14.06
217,85,6.900,24.84
218,4,10.950,39.42
218,73,1.676,6.03
218,74,1.020,3.67
218,76,0.853,3.07
218,77,1.428,5.14
218,78,8.260,29.74
218,79,1.917,6.90
218,80,4.276,15.39
218,82,6.000,21.60
218,83,7.029,25.30
218,84,3.984,14.34
218,85,6.900,24.84
219,4,11.008,39.63
219,74,1.020,3.67
219,76,0.853,3.07
219,77,1.428,5.14
219,78,8.322,29.96
219,79,1.917,6.90
219,80,4.276,15.39
219,82,6.000,21.60
219,83,7.029,25.30
219,84,3.881,13.97
219,85,7.094,25.54
220,4,11.067,39.84
220,76,0.853,3.07
220,77,1.428,5.14
220,78,8.273,29.78
220,79,1.917,6.90
220,80,4.276,15.39
220,83,7.029,25.30
220,84,3.742,13.47
220,85,6.986,25.15
221,4,11.044,39.76
221,76,0.853,3.07
221,77,1.428,5.14
221,78,8.259,29.73
221,79,1.917,6.90
221,80,4.276,15.39
221,83,7.029,25.30
221,84,3.865,13.91
221,85,6.894,24.82
222,4,11.151,40.14
222,76,0.853,3.07
222,77,1.428,5.14
222,78,8.317,29.94
222,79,1.917,6.90
222,80,4.276,15.39
222,83,7.029,25.30
222,84,3.736,13.45
222,85,6.952,25.03
223,4,11.151,40.14
223,76,0.853,3.07
223,77,1.428,5.14
223,78,8.303,29.89
223,79,1.917,6.90
223,83,7.029,25.30
223,84,3.803,13.69
223,85,6.872,24.74
224,4,11.151,40.14
224,76,0.853,3.07
224,77,1.428,5.14
224,78,8.358,30.09
224,79,1.581,5.69
224,83,7.029,25.30
224,84,3.915,14.09
224,85,6.872,24.74
225,4,11.151,40.14
225,77,1.428,5.14
225,78,8.313,29.93
225,79,1.808,6.51
225,83,7.029,25.30
225,84,3.796,13.67
225,85,6.872,24.74
226,4,11.151,40.14
226,77,1.428,5.14
226,78,8.270,29.77
226,79,0.849,3.05
226,83,7.029,25.30
226,84,3.854,13.88
226,85,7.057,25.40
227,4,11.151,40.14
227,77,1.428,5.14
227,78,8.324,29.97
227,79,0.849,3.05
227,83,7.029,25.30
227,84,3.795,13.66
227,85,6.736,24.25
228,4,11.151,40.14
228,77,1.428,5.14
228,78,8.282,29.82
228,79,0.849,3.05
228,83,7.029,25.30
228,84,3.848,13.85
228,85,7.024,25.29
229,4,11.151,40.14
229,78,8.242,29.67
229,79,0.849,3.05
229,83,7.029,25.30
229,84,3.744,13.48
229,85,6.964,25.07
230,4,11.151,40.14
230,78,8.229,29.62
230,79,0.849,3.05
230,83,7.029,25.30
230,84,3.796,13.67
230,85,6.910,24.88
231,4,11.151,40.14
231,78,8.306,29.90
231,79,1.314,4.73
231,83,7.029,25.30
231,84,3.892,14.01
231,85,6.942,24.99
232,4,11.151,40.14
232,78,8.267,29.76
232,79,1.314,4.73
232,83,7.029,25.30
232,84,3.845,13.84
232,85,6.942,24.99
233,4,11.151,40.14
233,78,8.178,29.44
233,79,1.314,4.73
233,84,3.751,13.50
233,85,6.725,24.21
234,4,11.151,40.14
234,78,8.178,29.44
234,79,1.314,4.73
234,84,3.847,13.85
234,85,6.725,24.21
235,4,11.151,40.14
235,78,8.293,29.86
235,79,1.314,4.73
235,84,4.018,14.46
235,85,6.803,24.49
235,86,8.150,29.34
236,4,11.151,40.14
236,78,8.267,29.76
236,79,1.314,4.73
236,84,3.926,14.13
236,85,6.760,24.34
236,86,8.112,29.20
237,4,11.151,40.14
237,78,8.242,29.67
237,79,1.314,4.73
237,84,4.011,14.44
237,85,6.797,24.47
237,86,8.034,28.92
237,88,12.000,43.20
238,4,11.151,40.14
238,78,8.153,29.35
238,79,1.314,4.73
238,84,3.803,13.69
238,85,6.757,24.32
238,86,8.158,29.37
238,87,3.330,11.99
238,88,6.000,21.60
239,4,11.151,40.14
239,78,8.153,29.35
239,79,1.314,4.73
239,84,3.604,12.97
239,85,6.791,24.45
239,86,8.124,29.25
239,87,3.330,11.99
239,88,6.000,21.60
240,4,11.151,40.14
240,78,8.100,29.16
240,79,6.953,25.03
240,84,3.529,12.70
240,85,6.754,24.31
240,86,8.054,28.99
240,87,3.330,11.99
240,88,7.500,27.00
241,4,11.151,40.14
241,78,8.149,29.33
241,79,6.841,24.63
241,84,3.529,12.70
241,85,6.719,24.19
241,86,7.988,28.76
241,87,3.330,11.99
241,88,7.500,27.00
241,91,6.000,21.60
242,4,11.151,40.14
242,78,8.066,29.04
242,79,6.737,24.25
242,84,3.529,12.70
242,85,6.751,24.30
242,86,7.925,28.53
242,87,3.330,11.99
242,88,6.325,22.77
242,91,6.708,24.15
243,4,11.151,40.14
243,78,8.093,29.14
243,79,6.737,24.25
243,84,3.529,12.70
243,85,6.717,24.18
243,86,7.925,28.53
243,87,3.330,11.99
243,88,5.421,19.52
243,91,5.657,20.36
243,93,0.000,0.00
244,4,11.151,40.14
244,78,8.078,29.08
244,79,6.737,24.25
244,84,3.529,12.70
244,85,6.748,24.29
244,86,7.976,28.71
244,87,3.330,11.99
244,88,6.185,22.26
244,89,2.571,9.26
244,91,4.243,15.27
244,93,3.000,10.80
245,4,11.151,40.14
245,78,8.078,29.08
245,79,6.737,24.25
245,84,3.529,12.70
245,85,6.642,23.91
245,86,7.951,28.62
245,87,3.330,11.99
245,88,6.146,22.13
245,89,2.250,8.10
245,91,4.948,17.81
245,93,2.000,7.20
246,4,11.151,40.14
246,78,7.859,28.29
246,79,6.737,24.25
246,84,3.529,12.70
246,85,6.613,23.81
246,86,7.896,28.43
246,87,3.330,11.99
246,88,6.119,22.03
246,89,2.000,7.20
246,91,4.123,14.84
246,93,2.000,7.20
247,4,11.151,40.14
247,78,7.956,28.64
247,79,6.737,24.25
247,84,3.529,12.70
247,85,6.646,23.92
247,86,7.845,28.24
247,87,3.330,11.99
247,88,6.219,22.39
247,89,2.400,8.64
247,91,4.616,16.62
247,93,2.000,7.20
248,4,11.151,40.14
248,78,7.956,28.64
248,79,6.737,24.25
248,84,3.529,12.70
248,85,6.552,23.59
248,86,7.796,28.06
248,87,3.330,11.99
248,88,6.185,22.26
248,89,2.400,8.64
248,91,4.743,17.08
248,93,2.000,7.20
248,96,6.000,21.60
249,4,11.151,40.14
249,78,7.956,28.64
249,79,6.737,24.25
249,84,3.529,12.70
249,85,6.587,23.71
249,86,7.921,28.52
249,87,3.330,11.99
249,88,5.709,20.55
249,89,2.400,8.64
249,91,4.472,16.10
249,93,2.000,7.20
249,96,6.000,21.60
250,4,11.151,40.14
250,78,7.931,28.55
250,79,6.737,24.25
250,84,3.529,12.70
250,85,6.679,24.04
250,86,7.845,28.24
250,87,3.330,11.99
250,88,5.718,20.58
250,89,2.400,8.64
250,91,4.569,16.45
250,93,2.000,7.20
250,96,6.000,21.60
250,98,0.000,0.00
251,4,11.151,40.14
251,78,7.810,28.12
251,79,6.737,24.25
251,84,3.529,12.70
251,85,6.592,23.73
251,86,7.826,28.18
251,87,3.330,11.99
251,88,5.824,20.97
251,89,2.400,8.64
251,91,4.879,17.56
251,93,2.000,7.20
251,96,6.000,21.60
251,98,0.000,0.00
251,99,6.000,21.60
252,4,11.151,40.14
252,78,7.834,28.20
252,79,6.737,24.25
252,84,3.529,12.70
252,85,6.737,24.25
252,86,7.810,28.11
252,87,3.330,11.99
252,88,5.822,20.96
252,89,2.400,8.64
252,91,5.408,19.47
252,93,2.000,7.20
252,96,6.000,21.60
252,98,0.000,0.00
252,99,3.000,10.80
253,78,7.908,28.47
253,79,6.737,24.25
253,84,3.529,12.70
253,85,6.654,23.96
253,86,7.740,27.86
253,87,3.330,11.99
253,88,6.164,22.19
253,89,2.400,8.64
253,91,5.382,19.38
253,93,2.000,7.20
253,96,6.000,21.60
253,98,0.000,0.00
253,99,4.000,14.40
254,78,7.908,28.47
254,79,6.737,24.25
254,84,3.529,12.70
254,85,6.627,23.86
254,86,7.725,27.81
254,87,3.330,11.99
254,88,5.907,21.26
254,89,2.400,8.64
254,91,5.370,19.33
254,93,2.000,7.20
254,96,6.000,21.60
254,98,0.000,0.00
254,99,4.000,14.40
254,102,0.000,0.00
255,78,7.810,28.12
255,79,6.737,24.25
255,84,3.529,12.70
255,85,6.551,23.58
255,86,7.725,27.81
255,87,3.330,11.99
255,88,5.899,21.24
255,89,2.400,8.64
255,91,5.557,20.01
255,93,2.000,7.20
255,96,6.000,21.60
255,98,0.000,0.00
255,99,4.000,14.40
255,102,3.000,10.80
256,78,7.810,28.12
256,79,6.737,24.25
256,84,3.529,12.70
256,85,6.479,23.32
256,86,7.796,28.07
256,87,3.330,11.99
256,88,6.075,21.87
256,89,2.400,8.64
256,91,5.408,19.47
256,93,2.000,7.20
256,96,6.000,21.60
256,98,0.000,0.00
256,99,4.000,14.40
256,102,3.000,10.80
256,104,8.485,30.55
257,78,7.616,27.42
257,79,6.737,24.25
257,84,3.529,12.70
257,85,6.512,23.44
257,86,7.902,28.45
257,87,3.330,11.99
257,88,6.054,21.80
257,89,2.400,8.64
257,91,5.090,18.32
257,93,2.000,7.20
257,96,6.000,21.60
257,98,0.000,0.00
257,99,4.000,14.40
257,102,3.000,10.80
257,104,4.243,15.27
258,78,7.713,27.77
258,79,6.737,24.25
258,84,3.529,12.70
258,85,6.544,23.56
258,86,7.888,28.40
258,87,3.330,11.99
258,88,6.037,21.73
258,89,2.400,8.64
258,91,5.375,19.35
258,93,2.000,7.20
258,96,6.000,21.60
258,98,0.000,0.00
258,99,4.000,14.40
258,102,3.000,10.80
258,104,4.243,15.27
258,105,0.000,0.00
259,78,7.737,27.85
259,79,6.737,24.25
259,84,3.529,12.70
259,85,6.422,23.12
259,86,7.707,27.75
259,87,3.330,11.99
259,88,5.775,20.79
259,89,2.400,8.64
259,91,5.256,18.92
259,93,2.000,7.20
259,96,6.000,21.60
259,98,0.000,0.00
259,99,4.000,14.40
259,102,3.000,10.80
259,104,4.243,15.27
259,105,0.000,0.00
259,106,0.000,0.00
259,107,6.000,21.60
260,78,7.640,27.50
260,79,6.737,24.25
260,84,3.529,12.70
260,85,6.511,23.44
260,86,7.672,27.62
260,87,3.330,11.99
260,88,5.772,20.78
260,89,2.400,8.64
260,91,5.248,18.89
260,93,2.000,7.20
260,96,6.000,21.60
260,98,0.000,0.00
260,99,4.000,14.40
260,102,3.000,10.80
260,104,4.243,15.27
260,105,0.000,0.00
260,106,0.000,0.00
260,107,6.000,21.60
261,78,7.616,27.42
261,79,6.737,24.25
261,84,3.529,12.70
261,85,6.451,23.22
261,86,7.638,27.50
261,87,3.330,11.99
261,88,5.772,20.78
261,89,2.400,8.64
261,91,5.496,19.78
261,93,2.000,7.20
261,96,6.000,21.60
261,98,0.000,0.00
261,99,4.000,14.40
261,102,3.000,10.80
261,104,4.243,15.27
261,105,0.000,0.00
261,106,0.000,0.00
261,107,2.000,7.20
262,78,7.616,27.42
262,79,6.737,24.25
262,84,3.529,12.70
262,85,6.483,23.34
262,86,7.629,27.46
262,87,3.330,11.99
262,88,5.838,21.02
262,89,2.400,8.64
262,91,5.616,20.22
262,93,2.000,7.20
262,96,6.000,21.60
262,98,0.000,0.00
262,99,4.000,14.40
262,102,3.000,10.80
262,104,4.243,15.27
262,105,0.000,0.00
262,106,0.000,0.00
262,107,1.500,5.40
263,78,7.616,27.42
263,79,6.737,24.25
263,84,3.529,12.70
263,85,6.570,23.65
263,86,7.597,27.35
263,87,3.330,11.99
263,88,5.622,20.24
263,89,2.400,8.64
263,91,5.503,19.81
263,93,2.000,7.20
263,96,6.000,21.60
263,98,0.000,0.00
263,99,4.000,14.40
263,102,3.000,10.80
263,104,4.243,15.27
263,105,0.000,0.00
263,106,0.000,0.00
263,107,1.697,6.11
264,78,7.519,27.07
264,79,6.737,24.25
264,84,3.529,12.70
264,85,6.516,23.46
264,86,7.566,27.24
264,87,3.330,11.99
264,88,5.770,20.77
264,89,2.400,8.64
264,91,5.274,18.99
264,93,2.000,7.20
264,96,6.000,21.60
264,98,0.000,0.00
264,99,4.000,14.40
264,102,3.000,10.80
264,104,4.243,15.27
264,105,0.000,0.00
264,106,0.000,0.00
264,107,2.236,8.05
265,78,7.543,27.16
265,79,6.737,24.25
265,84,3.529,12.70
265,85,6.490,23.36
265,86,7.558,27.21
265,87,3.330,11.99
265,88,5.763,20.75
265,89,2.400,8.64
265,91,5.269,18.97
265,93,2.000,7.20
265,96,6.000,21.60
265,98,0.000,0.00
265,99,4.000,14.40
265,102,3.000,10.80
265,104,4.243,15.27
265,105,0.000,0.00
265,106,0.000,0.00
265,107,2.236,8.05
265,108,0.000,0.00
266,78,7.422,26.72
266,79,6.737,24.25
266,84,3.529,12.70
266,85,6.439,23.18
266,86,7.630,27.47
266,87,3.330,11.99
266,88,5.758,20.73
266,89,2.400,8.64
266,91,5.382,19.38
266,93,2.000,7.20
266,96,6.000,21.60
266,98,0.000,0.00
266,99,4.000,14.40
266,102,3.000,10.80
266,104,4.243,15.27
266,105,0.000,0.00
266,106,0.000,0.00
266,107,2.236,8.05
266,108,2.000,7.20
267,78,7.543,27.16
267,79,6.737,24.25
267,84,3.529,12.70
267,85,6.469,23.29
267,86,7.547,27.17
267,87,3.330,11.99
267,88,5.643,20.31
267,89,2.400,8.64
267,91,5.488,19.76
267,93,2.000,7.20
267,96,6.000,21.60
267,98,0.000,0.00
267,99,4.000,14.40
267,102,3.000,10.80
267,104,4.243,15.27
267,105,0.000,0.00
267,106,0.000,0.00
267,107,2.236,8.05
267,108,3.000,10.80
268,78,7.422,26.72
268,79,6.737,24.25
268,84,3.529,12.70
268,85,6.554,23.59
268,86,7.616,27.42
268,87,3.330,11.99
268,88,5.641,20.31
268,89,2.400,8.64
268,91,5.408,19.47
268,93,2.000,7.20
268,96,6.000,21.60
268,98,0.000,0.00
268,99,4.000,14.40
268,102,3.000,10.80
268,104,4.243,15.27
268,105,0.000,0.00
268,106,0.000,0.00
268,107,2.236,8.05
268,108,2.683,9.66
268,109,18.974,68.31
269,78,7.446,26.81
269,79,6.737,24.25
269,84,3.529,12.70
269,85,6.431,23.15
269,86,7.515,27.05
269,88,5.539,19.94
269,89,2.400,8.64
269,91,5.509,19.83
269,93,2.000,7.20
269,96,6.000,21.60
269,98,0.000,0.00
269,99,4.000,14.40
269,102,3.000,10.80
269,104,4.243,15.27
269,105,0.000,0.00
269,106,0.000,0.00
269,107,2.236,8.05
269,108,4.123,14.84
269,109,10.817,38.94
270,78,7.350,26.46
270,79,6.737,24.25
270,84,3.529,12.70
270,85,6.462,23.26
270,86,7.487,26.95
270,88,5.608,20.19
270,89,2.400,8.64
270,91,5.492,19.77
270,93,2.000,7.20
270,96,6.000,21.60
270,98,0.000,0.00
270,99,4.000,14.40
270,102,3.000,10.80
270,104,4.243,15.27
270,105,0.000,0.00
270,106,0.000,0.00
270,107,2.236,8.05
270,108,4.286,15.43
270,109,45.343,163.24
271,78,7.376,26.55
271,79,6.737,24.25
271,85,6.546,23.57
271,86,7.485,26.94
271,88,5.605,20.18
271,89,2.400,8.64
271,91,5.692,20.49
271,93,2.000,7.20
271,96,6.000,21.60
271,98,0.000,0.00
271,99,4.000,14.40
271,102,3.000,10.80
271,104,4.243,15.27
271,105,0.000,0.00
271,106,0.000,0.00
271,107,2.236,8.05
271,108,4.500,16.20
271,109,45.343,163.24
271,110,18.000,64.80
272,78,7.376,26.55
272,79,6.737,24.25
272,85,6.559,23.61
272,86,7.549,27.18
272,88,5.669,20.41
272,89,2.400,8.64
272,91,5.515,19.85
272,93,2.000,7.20
272,96,6.000,21.60
272,98,0.000,0.00
272,99,4.000,14.40
272,102,3.000,10.80
272,104,4.243,15.27
272,105,0.000,0.00
272,106,0.000,0.00
272,107,2.236,8.05
272,108,6.667,24.00
272,109,45.343,163.24
272,110,9.487,34.15
273,78,7.306,26.30
273,85,6.532,23.51
273,86,7.522,27.08
273,88,5.731,20.63
273,89,2.400,8.64
273,91,5.601,20.16
273,93,2.000,7.20
273,96,6.000,21.60
273,98,0.000,0.00
273,99,4.000,14.40
273,102,3.000,10.80
273,104,4.243,15.27
273,105,0.000,0.00
273,106,0.000,0.00
273,107,2.236,8.05
273,108,6.667,24.00
273,109,45.343,163.24
273,110,6.325,22.77
274,78,7.335,26.41
274,85,6.547,23.57
274,86,7.519,27.07
274,88,5.724,20.60
274,89,2.400,8.64
274,91,5.789,20.84
274,93,2.000,7.20
274,96,6.000,21.60
274,98,0.000,0.00
274,99,4.000,14.40
274,102,3.000,10.80
274,104,4.243,15.27
274,105,0.000,0.00
274,106,0.000,0.00
274,107,2.236,8.05
274,108,5.455,19.64
274,109,23.831,85.79
274,110,7.500,27.00
